,pcode,area_name_en,area_name_mm,area_type_mm,area_type_en,location,point,latitude,longitude
38,MMR001D001,Myitkyina,မြစ်ကြီးနားခရိုင်,ခရိုင်,District,"မြစ်ကြီးနားခရိုင်, ကချင်ပြည်နယ် (Kachin), Myanmar","(25.827448, 97.70932155983101, 0.0)",25.827448,97.70932155983101
39,MMR001D002,Mohnyin,မိုးညှင်းခရိုင်,ခရိုင်,District,"မိုးညှင်းခရိုင်, ကချင်ပြည်နယ် (Kachin), Myanmar","(25.311261100000003, 96.54251881471731, 0.0)",25.311261100000007,96.54251881471731
40,MMR001D003,Bhamo,ဗန်းမော်ခရိုင်,ခရိုင်,District,"ဗန်းမော်ခရိုင်, ကချင်ပြည်နယ် (Kachin), 074, Myanmar","(24.2692872, 97.17853617700688, 0.0)",24.2692872,97.17853617700688
41,MMR001D004,Puta-O,ပူတာအိုခရိုင်,ခရိုင်,District,"ပူတာအိုခရိုင်, ကချင်ပြည်နယ် (Kachin), 01051, Myanmar","(27.2583245, 97.89560354526998, 0.0)",27.2583245,97.89560354526999
44,MMR003D001,Hpa-An,ဘားအံခရိုင်,ခရိုင်,District,"ဘားအံခရိုင်, ကရင်ပြည်နယ် (Kayin), Myanmar","(17.1790581, 97.87587580411804, 0.0)",17.1790581,97.87587580411804
45,MMR003D002,Myawaddy,မြဝတီခရိုင်,ခရိုင်,District,"မြဝတီခရိုင်, ကရင်ပြည်နယ် (Kayin), 13052, Myanmar","(16.56501595, 98.49448513768631, 0.0)",16.56501595,98.49448513768631
46,MMR003D003,Kawkareik,ကော့ကရိတ်ခရိုင်,ခရိုင်,District,"ကော့ကရိတ်ခရိုင်, ကရင်ပြည်နယ် (Kayin), 170757, Myanmar","(16.0387975, 98.21271138892715, 0.0)",16.0387975,98.21271138892716
47,MMR003D004,Hpapun,ဖာပွန်ခရိုင်,ခရိုင်,District,"ဖာပွန်ခရိုင်, ကရင်ပြည်နယ် (Kayin), Myanmar","(18.069898799999997, 97.42525672912043, 0.0)",18.0698988,97.42525672912045
48,MMR004D001,Falam,ဖလမ်းခရိုင်,ခရိုင်,District,"ဖလမ်းခရိုင်, ချင်းပြည်နယ်‌, 03042, Myanmar","(23.44561555, 93.71180040461054, 0.0)",23.44561555,93.71180040461054
49,MMR004D002,Mindat,မင်းတပ်ခရိုင်,ခရိုင်,District,"မင်းတပ်ခရိုင်, ချင်းပြည်နယ်‌, Myanmar","(21.4361514, 93.35165992478288, 0.0)",21.4361514,93.35165992478287
50,MMR004D003,Hakha,ဟားခါးခရိုင်,ခရိုင်,District,"ဟားခါးခရိုင်, ချင်းပြည်နယ်‌, 03011, Myanmar","(22.538805699999998, 93.56692266031689, 0.0)",22.5388057,93.56692266031686
52,MMR005D001,Sagaing,စစ်ကိုင်းခရိုင်,ခရိုင်,District,"စစ်ကိုင်းခရိုင်, စစ်ကိုင်းတိုင်း (Sagaing), Myanmar","(21.9134294, 95.46992658785372, 0.0)",21.9134294,95.46992658785372
53,MMR005D002,Shwebo,ရွှေဘိုခရိုင်,ခရိုင်,District,"ရွှေဘိုခရိုင်, စစ်ကိုင်းတိုင်း (Sagaing), Myanmar","(22.5385263, 95.59808650856662, 0.0)",22.5385263,95.59808650856662
54,MMR005D003,Monywa,မုံရွာခရိုင်,ခရိုင်,District,"မုံရွာခရိုင်, စစ်ကိုင်းတိုင်း (Sagaing), Myanmar","(22.21360045, 95.3422251118846, 0.0)",22.21360045,95.34222511188459
55,MMR005D004,Katha,ကသာခရိုင်,ခရိုင်,District,"ကသာခရိုင်, စစ်ကိုင်းတိုင်း (Sagaing), 50204, Myanmar","(24.2196736, 95.8709264404221, 0.0)",24.2196736,95.8709264404221
56,MMR005D005,Kale,ကလေးခရိုင်,ခရိုင်,District,"ကလေးခရိုင်, စစ်ကိုင်းတိုင်း (Sagaing), 50501, Myanmar","(22.95318855, 94.44428280361797, 0.0)",22.95318855,94.44428280361795
57,MMR005D006,Tamu,တမူးခရိုင်,ခရိုင်,District,"တမူးခရိုင်, စစ်ကိုင်းတိုင်း (Sagaing), Myanmar","(24.18735435, 94.39209374929968, 0.0)",24.18735435,94.39209374929968
58,MMR005D007,Mawlaik,မော်လိုက်ခရိုင်,ခရိုင်,District,"မော်လိုက်ခရိုင်, စစ်ကိုင်းတိုင်း (Sagaing), 02061, Myanmar","(23.94729085, 94.75674582726424, 0.0)",23.94729085,94.75674582726423
59,MMR005D008,Hkamti,ခန္တီးခရိုင်,ခရိုင်,District,"ခန္တီးခရိုင်, စစ်ကိုင်းတိုင်း (Sagaing), Myanmar","(25.8372047, 95.5780636154928, 0.0)",25.8372047,95.5780636154928
60,MMR005D009,Yinmarbin,ယင်းမာပင်ခရိုင်,ခရိုင်,District,"ယင်းမာပင်ခရိုင်, စစ်ကိုင်းတိုင်း (Sagaing), Myanmar","(22.30912875, 94.69225062725724, 0.0)",22.30912875,94.69225062725724
63,MMR006D001,Dawei,ထားဝယ်ခရိုင်,ခရိုင်,District,"ခရိုင်သစ်တောရုံး, ရဲရိပ်သာလမ်း, အနောက်မြို့တွင်း, အနောက်မြို့တွင်းရပ်ကွက်, ထားဝယ်, Dawei District, Tanintharyi Region, 60101, Myanmar","(14.0742997, 98.1956563, 0.0)",14.074299700000001,98.1956563
66,MMR007D001,Bago,ပဲခူးခရိုင်,ခရိုင်,District,"ပဲခူးခရိုင်, ပဲခူးတိုင်းဒေသကြီး အရှေ့ခြမ်း, ပဲခူးတိုင်းဒေသကြီး (Bago), Myanmar","(17.6596964, 96.64603025197206, 0.0)",17.659696399999998,96.64603025197206
67,MMR007D002,Taungoo,တောင်ငူခရိုင်,ခရိုင်,District,"တောင်ငူခရိုင်, ပဲခူးတိုင်းဒေသကြီး အရှေ့ခြမ်း, ပဲခူးတိုင်းဒေသကြီး (Bago), Myanmar","(18.8094312, 96.23637270607415, 0.0)",18.8094312,96.23637270607416
68,MMR008D001,Pyay,ပြည်ခရိုင်,ခရိုင်,District,"ပြည်ခရိုင, ပဲခူးတိုင်းဒေသကြီး အနောက်ခြမ်း, ပဲခူးတိုင်းဒေသကြီး (Bago), Myanmar","(18.7742554, 95.26005035391995, 0.0)",18.774255399999998,95.26005035391995
69,MMR008D002,Thayarwady,သာယာဝတီခရိုင်,ခရိုင်,District,"သာယာဝတီခရိုင, ပဲခူးတိုင်းဒေသကြီး အနောက်ခြမ်း, ပဲခူးတိုင်းဒေသကြီး (Bago), Myanmar","(18.128294099999998, 95.76784958953387, 0.0)",18.1282941,95.76784958953388
70,MMR009D001,Magway,မကွေးခရိုင်,ခရိုင်,District,"မကွေးခရိုင်, မကွေးတိုင်းဒေသကြီး, Myanmar","(20.28448155, 95.32974270773789, 0.0)",20.28448155,95.32974270773788
71,MMR009D002,Minbu,မင်းဘူးခရိုင်,ခရိုင်,District,"မင်းဘူးခရိုင်, မကွေးတိုင်းဒေသကြီး, Myanmar","(20.346157599999998, 94.47291462949808, 0.0)",20.3461576,94.47291462949808
72,MMR009D003,Thayet,သရက်ခရိုင်,ခရိုင်,District,"သရက်ခရိုင်, မကွေးတိုင်းဒေသကြီး, 04151, Myanmar","(19.41586005, 95.14195451895446, 0.0)",19.41586005,95.14195451895445
73,MMR009D004,Pakokku,ပခုက္ကူခရိုင်,ခရိုင်,District,"ပခုက္ကူခရိုင်, မကွေးတိုင်းဒေသကြီး, Myanmar","(21.3541862, 94.74858402127207, 0.0)",21.3541862,94.74858402127208
75,MMR010D001,Mandalay,မန္တလေးခရိုင်,ခရိုင်,District,"မန္တလေးခရိုင်, မန္တလေးတိုင်း, Myanmar","(21.9700209, 96.15576508785733, 0.0)",21.970020899999998,96.1557650878573
76,MMR010D002,Pyinoolwin,ပြင်ဦးလွင်ခရိုင်,ခရိုင်,District,"ပြင်ဦးလွင်ခရိုင်, မန္တလေးတိုင်း, Myanmar","(22.6760008, 96.06948842110029, 0.0)",22.6760008,96.06948842110027
77,MMR010D003,Kyaukse,ကျောက်ဆည်ခရိုင်,ခရိုင်,District,"ကျောက်ဆည်ခရိုင်, မန္တလေးတိုင်း, Myanmar","(21.57803905, 96.1521055727707, 0.0)",21.57803905,96.15210557277071
78,MMR010D004,Myingyan,မြင်းခြံခရိုင်,ခရိုင်,District,"မြင်းခြံခရိုင်, မန္တလေးတိုင်း, Myanmar","(21.4713348, 95.64288849140769, 0.0)",21.4713348,95.64288849140767
79,MMR010D005,Nyaung-U,ညောင်ဦးခရိုင်,ခရိုင်,District,"ညောင်ဦးခရိုင်, မန္တလေးတိုင်း, Myanmar","(20.928028, 95.16734599114011, 0.0)",20.928028,95.16734599114012
80,MMR010D006,Yamethin,ရမည်းသင်းခရိုင်,ခရိုင်,District,"ရမည်းသင်းခရိုင်, မန္တလေးတိုင်း, +959, Myanmar","(20.4849452, 96.1068811180073, 0.0)",20.4849452,96.1068811180073
81,MMR010D007,Meiktila,မိတ္ထီလာခရိုင်,ခရိုင်,District,"မိတ္ထီလာခရိုင်, မန္တလေးတိုင်း, Myanmar","(20.9582957, 95.89563804971712, 0.0)",20.9582957,95.89563804971712
82,MMR011D001,Mawlamyine,မော်လမြိုင်ခရိုင်,ခရိုင်,District,"မော်လမြိုင်ခရိုင် စက်မှုကြီးကြပ်ရေးနှင့်စစ်ဆေးရေးရုံး, ကျိုက်မယောလမ်း, San Gyi, မော်လမြိုင်, Mawlamyine District, Mon, 0000004, Myanmar","(16.4576851, 97.6741792, 0.0)",16.4576851,97.6741792
84,MMR012D001,Sittwe,စစ်တွေခရိုင်,ခရိုင်,District,"စစ်တွေခရိုင, ရခိုင်ပြည်နယ် (Rakhine), 043, Myanmar","(20.565939049999997, 92.90792053530956, 0.0)",20.56593905,92.90792053530956
86,MMR012D003,Kyaukpyu,ကျောက်ဖြူခရိုင်,ခရိုင်,District,"ကျောက်ဖြူခရိုင်, ရခိုင်ပြည်နယ် (Rakhine), 07151, Myanmar","(19.70784905, 94.06795492288285, 0.0)",19.70784905,94.06795492288285
90,MMR013D002,Yangon (East),ရန်ကုန်(အရှေ့ပိုင်း),ခရိုင်,District,"ရန်ကုန် အရှေ့ပိုင်း တက္ကသိုလ် East Yangon University, အမှတ် (၆) လမ်းမကြီး, ကရင္ဆိပ္ ေက်းရြာ, သန်လျင်, ရန်ကုန်တိုင်းဒေသကြီး, 11291, Myanmar","(16.7370058, 96.28581977336941, 0.0)",16.737005800000002,96.28581977336941
92,MMR013D004,Yangon (West),ရန်ကုန်(အနောက်ပိုင်း),ခရိုင်,District,"ရန်ကုန် အနောက်ပိုင်း ဆေးရုံကြီး, အောက်ကြည့်မြင်တိုင်လမ်း, ကြည့်မြင်တိုင်, ရန်ကုန်, Western District, ရန်ကုန်တိုင်းဒေသကြီး, 000000, Myanmar","(16.795508849999997, 96.12545198923854, 0.0)",16.795508849999994,96.12545198923854
93,MMR014D001,Taunggyi,တောင်ကြီးခရိုင်,ခရိုင်,District,"တောင်ကြီးခရိုင, ရှမ်းပြည်နယ်တောင်ပိုင်း, ရှမ်းပြည်နယ် Shan State, Myanmar","(20.784723149999998, 97.01084985427684, 0.0)",20.78472315,97.01084985427684
94,MMR014D002,Loilen,လွိုင်လင်ခရိုင်,ခရိုင်,District,"လွိုင်လင်ခရိုင်, ရှမ်းပြည်နယ်တောင်ပိုင်း, ရှမ်းပြည်နယ် Shan State, Myanmar","(21.289423900000003, 98.05453167694584, 0.0)",21.289423900000006,98.05453167694584
95,MMR014D003,Langkho,လင်းခေးခရိုင်,ခရိုင်,District,"လင်းခေးခရိုင်, ရှမ်းပြည်နယ်တောင်ပိုင်း, ရှမ်းပြည်နယ် Shan State, Myanmar","(20.27182745, 98.06900151515325, 0.0)",20.27182745,98.06900151515323
96,MMR015D001,Lashio,လားရှိုးခရိုင်,ခရိုင်,District,"လားရှိုးခရိုင်, ရှမ်းပြည်နယ်မြောက်ပိုင်း, ရှမ်းပြည်နယ် Shan State, 06301, Myanmar","(22.6202164, 98.19735374741039, 0.0)",22.6202164,98.19735374741042
97,MMR015D002,Muse,မူဆယ်ခရိုင်,ခရိုင်,District,"မူဆယ်ခရိုင်, ရှမ်းပြည်နယ်မြောက်ပိုင်း, ရှမ်းပြည်နယ် Shan State, Myanmar","(23.713138649999998, 97.96373437575659, 0.0)",23.71313865,97.96373437575659
98,MMR015D003,Kyaukme,ကျောက်မဲခရိုင်,ခရိုင်,District,"ကျောက်မဲခရိုင်, ရှမ်းပြည်နယ်မြောက်ပိုင်း, ရှမ်းပြည်နယ် Shan State, Myanmar","(22.8165491, 97.08869171518293, 0.0)",22.8165491,97.08869171518292
99,MMR015D004,Kunlong,ကွမ်းလုံခရိုင်,ခရိုင်,District,"ကွမ်းလုံခရိုင်, ရှမ်းပြည်နယ်မြောက်ပိုင်း, ရှမ်းပြည်နယ် Shan State, Myanmar","(23.455502699999997, 98.6161010406709, 0.0)",23.4555027,98.61610104067091
100,MMR015D005,Laukkaing,လောက်ကိုင်ခရိုင်,ခရိုင်,District,"老街县(လောက်ကိုင်ခရိုင်), ရှမ်းပြည်နယ်မြောက်ပိုင်း, ရှမ်းပြည်နယ် Shan State, Myanmar","(23.80732405, 98.56468115094572, 0.0)",23.80732405,98.56468115094572
101,MMR015D006,Hopang,ဟိုပန်ခရိုင်,ခရိုင်,District,"ဟိုပန်ခရိုင်, ရှမ်းပြည်နယ်မြောက်ပိုင်း, ရှမ်းပြည်နယ် Shan State, Wa State Northern Region, 150402, Myanmar","(23.099787, 98.82001261843743, 0.0)",23.099787,98.82001261843745
102,MMR015D007,Matman,မက်မန်းခရိုင်,ခရိုင်,District,"မက်မန်းခရိုင် Matman, ရှမ်းပြည်နယ်မြောက်ပိုင်း, ရှမ်းပြည်နယ် Shan State, Wa State Northern Region, Myanmar","(22.18777815, 98.89247307875024, 0.0)",22.18777815,98.89247307875023
103,MMR015D008,Mongmit,မိုးမိတ်ခရိုင်,ခရိုင်,District,"မိုးမိတ်ခရိုင်, ရှမ်းပြည်နယ်မြောက်ပိုင်း, ရှမ်းပြည်နယ် Shan State, Myanmar","(23.526243049999998, 96.73592404316932, 0.0)",23.52624305,96.7359240431693
104,MMR016D001,Kengtung,ကျိုင်းတုံခရိုင်,ခရိုင်,District,"ကျိုင်းတုံခရိုင်, ရှမ်းပြည်နယ် အရှေ့ပိုင်း, ရှမ်းပြည်နယ် Shan State, Myanmar","(21.56494035, 99.71225542974153, 0.0)",21.56494035,99.71225542974152
105,MMR016D002,Monghsat,မိုင်းဆတ်ခရိုင်,ခရိုင်,District,"မိုင်းဆတ်ခရိုင်, ရှမ်းပြည်နယ် အရှေ့ပိုင်း, ရှမ်းပြည်နယ် Shan State, Myanmar","(20.68559705, 99.02037840510232, 0.0)",20.68559705,99.0203784051023
106,MMR016D003,Tachileik,တာချီလိတ်ခရိုင်,ခရိုင်,District,"တာချီလိတ်ခရိုင်, ရှမ်းပြည်နယ် အရှေ့ပိုင်း, ရှမ်းပြည်နယ် Shan State, Myanmar","(20.6816952, 99.85024901619327, 0.0)",20.6816952,99.85024901619327
107,MMR016D004,Monghpyak,မိုင်းဖြတ်ခရိုင်,ခရိုင်,District,"မိုင်းဖြတ်ခရိုင်, ရှမ်းပြည်နယ် အရှေ့ပိုင်း, ရှမ်းပြည်နယ် Shan State, Myanmar","(21.25428215, 100.33782005537088, 0.0)",21.25428215,100.33782005537088
114,MMR018D001,Oke Ta Ra,ဥတ္တရခရိုင်,ခရိုင်,District,"ဥတ္တရခရိုင်, နေပြည်တော် ပြည်ထောင်စုနယ်မြ, 15013, Myanmar","(20.03816835, 96.11588628032888, 0.0)",20.03816835,96.11588628032888
115,MMR018D002,Det Khi Na,ဒက္ခိဏခရိုင်,ခရိုင်,District,"ဒက္ခိဏခရိုင်, နေပြည်တော် ပြည်ထောင်စုနယ်မြ, Myanmar","(19.67891285, 96.1989244855555, 0.0)",19.67891285,96.1989244855555
