,pcode,area_name_en,area_name_mm,area_type_mm,area_type_en,location,point,latitude,longitude
116,MMR001001,Myitkyina,မြစ်ကြီးနား,မြို့နယ်,Township,"မြစ်ကြီးနား, မြစ်ကြီးနားခရိုင်, ကချင်ပြည်နယ် (Kachin), Myanmar","(25.3833313, 97.3999925, 0.0)",25.3833313,97.39999250000001
117,MMR001002,Waingmaw,ဝိုင်းမော်,မြို့နယ်,Township,"ဝိုင်းမော်, မြစ်ကြီးနားခရိုင်, ကချင်ပြည်နယ် (Kachin), Myanmar","(25.3537725, 97.4440251, 0.0)",25.3537725,97.44402509999999
118,MMR001003,Injangyang,အင်ဂျန်းယန်,မြို့နယ်,Township,"အင်ဂျန်းယန်, မြစ်ကြီးနားခရိုင်, ကချင်ပြည်နယ် (Kachin), Myanmar","(25.8303708, 97.728043, 0.0)",25.8303708,97.728043
119,MMR001004,Tanai,တနိုင်း,မြို့နယ်,Township,"တနိုင်း, မြစ်ကြီးနားခရိုင်, ကချင်ပြည်နယ် (Kachin), Myanmar","(26.403813800000002, 96.60279485997367, 0.0)",26.4038138,96.60279485997368
121,MMR001006,Tsawlaw,ဆော့လော်,မြို့နယ်,Township,"ဆော့လော်, မြစ်ကြီးနားခရိုင်, ကချင်ပြည်နယ် (Kachin), Myanmar","(26.1537756, 98.2711332, 0.0)",26.153775600000003,98.27113320000001
122,MMR001007,Mohnyin,မိုးညှင်း,မြို့နယ်,Township,"မိုးညှင်း, မိုးညှင်းခရိုင်, ကချင်ပြည်နယ် (Kachin), Myanmar","(24.779057, 96.373198, 0.0)",24.779057,96.373198
123,MMR001008,Mogaung,မိုးကောင်း,မြို့နယ်,Township,"မိုးကောင်း, မိုးညှင်းခရိုင်, ကချင်ပြည်နယ် (Kachin), ၁၁၀၂, Myanmar","(25.3018588, 96.9416995, 0.0)",25.3018588,96.9416995
124,MMR001009,Hpakant,ဖားကန့်,မြို့နယ်,Township,"ဖားကန့်, မိုးညှင်းခရိုင်, ကချင်ပြည်နယ် (Kachin), 1161, Myanmar","(25.6123483, 96.3125388, 0.0)",25.6123483,96.3125388
125,MMR001010,Bhamo,ဗန်းမော်,မြို့နယ်,Township,"ဗန်းမော်, ဗန်းမော်ခရိုင်, ကချင်ပြည်နယ် (Kachin), 074, Myanmar","(24.266667, 97.233333, 0.0)",24.266667,97.233333
126,MMR001011,Shwegu,ရွှေကူ,မြို့နယ်,Township,"ရွှေကူ, ဗန်းမော်ခရိုင်, ကချင်ပြည်နယ် (Kachin), Myanmar","(24.2278257, 96.7874052, 0.0)",24.227825699999997,96.78740520000001
127,MMR001012,Momauk,မိုးမောက်,မြို့နယ်,Township,"မိုးမောက်, ဗန်းမော်ခရိုင်, ကချင်ပြည်နယ် (Kachin), Myanmar","(24.2493952, 97.3459136, 0.0)",24.2493952,97.34591359999999
128,MMR001013,Mansi,မံစီ,မြို့နယ်,Township,"မံစီ, ဗန်းမော်ခရိုင်, ကချင်ပြည်နယ် (Kachin), Myanmar","(23.9183825, 97.29555023001953, 0.0)",23.9183825,97.29555023001951
129,MMR001014,Puta-O,ပူတာအို,မြို့နယ်,Township,"ပူတာအို, ပူတာအိုခရိုင်, ကချင်ပြည်နယ် (Kachin), 01051, Myanmar","(27.3097462, 97.4173317, 0.0)",27.3097462,97.4173317
130,MMR001015,Sumprabum,ဆွမ်ပရာဘွမ်,မြို့နယ်,Township,"ဆွမ်ပရာဘွမ်, ပူတာအိုခရိုင်, ကချင်ပြည်နယ် (Kachin), Myanmar","(26.5448191, 97.5683626, 0.0)",26.544819099999998,97.56836259999999
131,MMR001016,Machanbaw,မချမ်းဘော,မြို့နယ်,Township,"မချမ်းဘော, ပူတာအိုခရိုင်, ကချင်ပြည်နယ် (Kachin), Myanmar","(27.2821236, 97.5895433, 0.0)",27.282123600000002,97.5895433
132,MMR001017,Nawngmun,နောင်မွန်း,မြို့နယ်,Township,"နောင်မွန်း, ပူတာအိုခရိုင်, ကချင်ပြည်နယ် (Kachin), Myanmar","(27.5065429, 97.8143815, 0.0)",27.5065429,97.8143815
133,MMR001018,Khaunglanhpu,ခေါင်လန်ဖူး,မြို့နယ်,Township,"ခေါင်လန်ဖူး, ပူတာအိုခရိုင်, ကချင်ပြည်နယ် (Kachin), Myanmar","(27.061073, 98.3599129, 0.0)",27.061072999999997,98.35991290000001
134,MMR002001,Loikaw,လွိုင်ကော်,မြို့နယ်,Township,"လွိုင်ကော်, လွိုင်ကော်‌ခရိုင, ကယားပြည်နယ်‌ (Kayah), Myanmar","(19.674167, 97.2094441, 0.0)",19.674167,97.2094441
135,MMR002002,Demoso,ဒီးမော့ဆို,မြို့နယ်,Township,"ဒီးမော့ဆို, လွိုင်ကော်‌ခရိုင, ကယားပြည်နယ်‌ (Kayah), Myanmar","(19.45763175, 97.2828233062694, 0.0)",19.45763175,97.28282330626939
136,MMR002003,Hpruso,ဖရူဆို,မြို့နယ်,Township,"ဖရူဆို, လွိုင်ကော်‌ခရိုင, ကယားပြည်နယ်‌ (Kayah), 100101, Myanmar","(19.413286, 97.122673, 0.0)",19.413286,97.12267299999999
137,MMR002004,Shadaw,ရှားတော,မြို့နယ်,Township,"ရှားတော, ဥတ္တရခရိုင်, နေပြည်တော် ပြည်ထောင်စုနယ်မြ, Myanmar","(20.105061, 96.166191, 0.0)",20.105061,96.166191
138,MMR002005,Bawlake,ဘောလခဲ,မြို့နယ်,Township,"ဘောလခဲ, ဘော်လခဲခရိုင, ကယားပြည်နယ်‌ (Kayah), Myanmar","(19.1710509, 97.3421041, 0.0)",19.171050899999997,97.3421041
140,MMR002007,Mese,မယ်စဲ,မြို့နယ်,Township,"မယ်စဲ, ဘော်လခဲခရိုင, ကယားပြည်နယ်‌ (Kayah), Myanmar","(18.7451515, 97.5431188409926, 0.0)",18.745151500000002,97.54311884099259
141,MMR003001,Hpa-An,ဘားအံ,မြို့နယ်,Township,"ဘားအံ, ဘားအံခရိုင်, ကရင်ပြည်နယ် (Kayin), Myanmar","(16.8902634, 97.6362745, 0.0)",16.8902634,97.6362745
142,MMR003002,Hlaingbwe,လှိုင်းဘွဲ့,မြို့နယ်,Township,"လှိုင်းဘွဲ့, ဘားအံခရိုင်, ကရင်ပြည်နယ် (Kayin), Myanmar","(17.1251593, 97.8190019, 0.0)",17.1251593,97.8190019
143,MMR003003,Hpapun,ဖာပွန်,မြို့နယ်,Township,"ဖာပွန်, ဖာပွန်ခရိုင်, ကရင်ပြည်နယ် (Kayin), Myanmar","(18.06496, 97.444878, 0.0)",18.06496,97.444878
144,MMR003004,Thandaunggyi,သံတောင်ကြီး,မြို့နယ်,Township,"သံတောင်ကြီး, ဘားအံခရိုင်, ကရင်ပြည်နယ် (Kayin), Myanmar","(19.0545611, 96.74071154035488, 0.0)",19.0545611,96.74071154035488
145,MMR003005,Myawaddy,မြဝတီ,မြို့နယ်,Township,"မြဝတီ, မြဝတီခရိုင်, ကရင်ပြည်နယ် (Kayin), 13052, Myanmar","(16.6871674, 98.507114, 0.0)",16.6871674,98.507114
146,MMR003006,Kawkareik,ကော့ကရိတ်,မြို့နယ်,Township,"ကော့ကရိတ်, ကော့ကရိတ်ခရိုင်, ကရင်ပြည်နယ် (Kayin), Myanmar","(16.555531, 98.23996, 0.0)",16.555531,98.23996
147,MMR003007,Kyainseikgyi,ကြာအင်းဆိပ်ကြီး,မြို့နယ်,Township,"ကြာအင်းဆိပ်ကြီး, ကော့ကရိတ်ခရိုင်, ကရင်ပြည်နယ် (Kayin), 170757, Myanmar","(16.0413857, 98.1209715, 0.0)",16.0413857,98.1209715
148,MMR004001,Falam,ဖလမ်း,မြို့နယ်,Township,"ဖလမ်း, ဖလမ်းခရိုင်, ချင်းပြည်နယ်‌, Myanmar","(22.9139433, 93.6790091, 0.0)",22.913943300000003,93.67900909999999
149,MMR004002,Hakha,ဟားခါး,မြို့နယ်,Township,"ဟားခါး, ဟားခါးခရိုင်, ချင်းပြည်နယ်‌, 03011, Myanmar","(22.6427551, 93.6096217, 0.0)",22.642755100000002,93.6096217
150,MMR004003,Thantlang,ထန်တလန်,မြို့နယ်,Township,"ထန်တလန်, ဟားခါးခရိုင်, ချင်းပြည်နယ်‌, Myanmar","(22.69843, 93.4278, 0.0)",22.69843,93.4278
151,MMR004004,Tedim,တီးတိန်,မြို့နယ်,Township,"တီးတိန်, ဖလမ်းခရိုင်, ချင်းပြည်နယ်‌, 03042, Myanmar","(23.3717349, 93.655654, 0.0)",23.3717349,93.655654
153,MMR004006,Mindat,မင်းတပ်,မြို့နယ်,Township,"မင်းတပ်, မင်းတပ်ခရိုင်, ချင်းပြည်နယ်‌, Myanmar","(21.371757, 93.973654, 0.0)",21.371757000000002,93.97365400000001
154,MMR004007,Matupi,မတူပီ,မြို့နယ်,Township,"မတူပီ, မင်းတပ်ခရိုင်, ချင်းပြည်နယ်‌, Myanmar","(21.596511, 93.444026, 0.0)",21.596511,93.44402600000001
155,MMR004008,Kanpetlet,ကန်ပက်လက်,မြို့နယ်,Township,"ကန်ပက်လက်, မင်းတပ်ခရိုင်, ချင်းပြည်နယ်‌, Myanmar","(21.1933082, 94.0586224, 0.0)",21.1933082,94.0586224
156,MMR004009,Paletwa,ပလက်ဝ,မြို့နယ်,Township,"ပလက်ဝ, မင်းတပ်ခရိုင်, ချင်းပြည်နယ်‌, Myanmar","(21.3064037, 92.8538238, 0.0)",21.306403699999997,92.8538238
157,MMR005001,Sagaing,စစ်ကိုင်း,မြို့နယ်,Township,"စစ်ကိုင်း, စစ်ကိုင်းခရိုင်, စစ်ကိုင်းတိုင်း (Sagaing), Myanmar","(21.8774215, 95.9839956, 0.0)",21.8774215,95.98399559999999
158,MMR005002,Myinmu,မြင်းမူ,မြို့နယ်,Township,"မြင်းမူ, စစ်ကိုင်းခရိုင်, စစ်ကိုင်းတိုင်း (Sagaing), Myanmar","(21.92514, 95.575851, 0.0)",21.92514,95.575851
159,MMR005003,Myaung,မြောင်,မြို့နယ်,Township,"မြောင်, စစ်ကိုင်းခရိုင်, စစ်ကိုင်းတိုင်း (Sagaing), Myanmar","(21.833411, 95.42128, 0.0)",21.833410999999998,95.42128000000001
160,MMR005004,Shwebo,ရွှေဘို,မြို့နယ်,Township,"ရွှေဘို, ရွှေဘိုခရိုင်, စစ်ကိုင်းတိုင်း (Sagaing), Myanmar","(22.5666618, 95.6999989, 0.0)",22.566661800000002,95.69999890000001
161,MMR005005,Khin-U,ခင်ဦး,မြို့နယ်,Township,"ခင်ဦး, ရွှေဘိုခရိုင်, စစ်ကိုင်းတိုင်း (Sagaing), Myanmar","(22.771583, 95.6217428, 0.0)",22.771583,95.62174279999999
162,MMR005006,Wetlet,ဝက်လက်,မြို့နယ်,Township,"ဝက်လက်, ရွှေဘိုခရိုင်, စစ်ကိုင်းတိုင်း (Sagaing), Myanmar","(22.3680785, 95.7880232, 0.0)",22.3680785,95.78802320000001
163,MMR005007,Kanbalu,ကန့်ဘလူ,မြို့နယ်,Township,"ကန့်ဘလူ, စစ်ကိုင်းတိုင်း (Sagaing), Myanmar","(23.27235795, 95.40190856658666, 0.0)",23.27235795,95.40190856658664
164,MMR005008,Kyunhla,ကျွန်းလှ,မြို့နယ်,Township,"ကျွန်းလှ, ကျွန်းစု, Myeik District, Tanintharyi Region, Myanmar","(12.2070692, 98.14151920028337, 0.0)",12.2070692,98.14151920028335
165,MMR005009,Ye-U,ရေဦး,မြို့နယ်,Township,"ရေဦး, ကန့်ဘလူ, စစ်ကိုင်းတိုင်း (Sagaing), Myanmar","(22.85732055, 95.03007476076434, 0.0)",22.85732055,95.03007476076435
166,MMR005010,Tabayin,ဒီပဲယင်း,မြို့နယ်,Township,"ဒီပဲယင်း, ရွှေဘိုခရိုင်, စစ်ကိုင်းတိုင်း (Sagaing), Myanmar","(22.685286, 95.321213, 0.0)",22.685285999999998,95.321213
167,MMR005011,Taze,တန့်ဆည်,မြို့နယ်,Township,"အထက တန့်ဆည်, ခရိုင်ချင်းဆက်လမ်းမကြိး, အက်တေားကျေးရွာ, ကန့်ဘလူ, စစ်ကိုင်းတိုင်း (Sagaing), Myanmar","(22.94774425, 95.40061675770531, 0.0)",22.94774425,95.40061675770531
168,MMR005012,Monywa,မုံရွာ,မြို့နယ်,Township,"မုံရွာ, မုံရွာခရိုင်, စစ်ကိုင်းတိုင်း (Sagaing), Myanmar","(22.1182175, 95.1324747, 0.0)",22.1182175,95.1324747
169,MMR005013,Budalin,ဘုတလင်,မြို့နယ်,Township,"ဘုတလင်, မုံရွာခရိုင်, စစ်ကိုင်းတိုင်း (Sagaing), Myanmar","(22.3871145, 95.1436405, 0.0)",22.3871145,95.1436405
170,MMR005014,Ayadaw,အရာတော်,မြို့နယ်,Township,"အရာတော်, မုံရွာခရိုင်, စစ်ကိုင်းတိုင်း (Sagaing), Myanmar","(22.28525, 95.450677, 0.0)",22.28525,95.450677
171,MMR005015,Chaung-U,ချောင်းဦး,မြို့နယ်,Township,"ချောင်းဦး, မုံရွာခရိုင်, စစ်ကိုင်းတိုင်း (Sagaing), Myanmar","(21.95693, 95.273628, 0.0)",21.95693,95.273628
172,MMR005016,Yinmarbin,ယင်းမာပင်,မြို့နယ်,Township,"ယင်းမာပင်, ယင်းမာပင်ခရိုင်, စစ်ကိုင်းတိုင်း (Sagaing), Myanmar","(22.077789, 94.900139, 0.0)",22.077789000000003,94.900139
173,MMR005017,Kani,ကနီ,မြို့နယ်,Township,"ကနီ, ယင်းမာပင်ခရိုင်, စစ်ကိုင်းတိုင်း (Sagaing), Myanmar","(22.43291, 94.848469, 0.0)",22.43291,94.848469
174,MMR005018,Salingyi,ဆားလင်းကြီး,မြို့နယ်,Township,"ဆားလင်းကြီး, ယင်းမာပင်ခရိုင်, စစ်ကိုင်းတိုင်း (Sagaing), Myanmar","(21.9724628, 95.0801873, 0.0)",21.9724628,95.0801873
175,MMR005019,Pale,ပုလဲ,မြို့နယ်,Township,"ပုလဲ, ယင်းမာပင်ခရိုင်, စစ်ကိုင်းတိုင်း (Sagaing), Myanmar","(21.933992, 94.874673, 0.0)",21.933992,94.874673
176,MMR005020,Katha,ကသာ,မြို့နယ်,Township,"ကသာ, ကသာခရိုင်, စစ်ကိုင်းတိုင်း (Sagaing), 50204, Myanmar","(24.1716852, 96.3430992, 0.0)",24.1716852,96.34309920000001
177,MMR005021,Indaw,အင်းတော်,မြို့နယ်,Township,"အင်းတော်, ကသာခရိုင်, စစ်ကိုင်းတိုင်း (Sagaing), Myanmar","(24.222515, 96.14167, 0.0)",24.222514999999998,96.14166999999999
178,MMR005022,Tigyaing,ထီးချိုင့်,မြို့နယ်,Township,"ထီးချိုင့်, ကသာခရိုင်, စစ်ကိုင်းတိုင်း (Sagaing), Myanmar","(23.7528084, 96.1463674, 0.0)",23.752808399999996,96.14636740000002
179,MMR005023,Banmauk,ဗန်းမောက်,မြို့နယ်,Township,"ဗန်းမောက်, ကသာခရိုင်, စစ်ကိုင်းတိုင်း (Sagaing), Myanmar","(24.4004115, 95.8561039, 0.0)",24.4004115,95.85610390000001
180,MMR005024,Kawlin,ကောလင်း,မြို့နယ်,Township,"ကောလင်း, ကသာခရိုင်, စစ်ကိုင်းတိုင်း (Sagaing), Myanmar","(23.794277, 95.6780844, 0.0)",23.794276999999997,95.6780844
181,MMR005025,Wuntho,ဝန်းသို,မြို့နယ်,Township,"ဝန်းသို, ကသာခရိုင်, စစ်ကိုင်းတိုင်း (Sagaing), Myanmar","(23.8989024, 95.6855946, 0.0)",23.898902399999997,95.6855946
182,MMR005026,Pinlebu,ပင်လည်ဘူး,မြို့နယ်,Township,"ပင်လည်ဘူး, ကသာခရိုင်, စစ်ကိုင်းတိုင်း (Sagaing), Myanmar","(24.0904272, 95.3811532, 0.0)",24.0904272,95.3811532
183,MMR005027,Kale,ကလေး,မြို့နယ်,Township,"ကလေး, ကလေးခရိုင်, စစ်ကိုင်းတိုင်း (Sagaing), 50501, Myanmar","(23.195728, 94.0158882, 0.0)",23.195728,94.01588819999999
184,MMR005028,Kalewa,ကလေးဝ,မြို့နယ်,Township,"ကလေးဝ, ကလေးခရိုင်, စစ်ကိုင်းတိုင်း (Sagaing), Myanmar","(23.1986756, 94.3007869, 0.0)",23.1986756,94.3007869
185,MMR005029,Mingin,မင်းကင်း,မြို့နယ်,Township,"မင်းကင်း, ကလေးခရိုင်, စစ်ကိုင်းတိုင်း (Sagaing), Myanmar","(22.877808, 94.494197, 0.0)",22.877807999999998,94.494197
186,MMR005030,Tamu,တမူး,မြို့နယ်,Township,"တမူး, တမူးခရိုင်, စစ်ကိုင်းတိုင်း (Sagaing), Myanmar","(24.2149165, 94.3031975, 0.0)",24.2149165,94.3031975
187,MMR005031,Mawlaik,မော်လိုက်,မြို့နယ်,Township,"မော်လိုက်, မော်လိုက်ခရိုင်, စစ်ကိုင်းတိုင်း (Sagaing), Myanmar","(23.633333, 94.416667, 0.0)",23.633333,94.416667
188,MMR005032,Paungbyin,ဖောင်းပြင်,မြို့နယ်,Township,"ဖောင်းပြင်, မော်လိုက်ခရိုင်, စစ်ကိုင်းတိုင်း (Sagaing), 02061, Myanmar","(24.1675822, 94.82962633552835, 0.0)",24.1675822,94.82962633552836
189,MMR005033,Hkamti,ခန္တီး,မြို့နယ်,Township,"ခန္တီး, ခန္တီးခရိုင်, စစ်ကိုင်းတိုင်း (Sagaing), Myanmar","(26.0021393, 95.6912728, 0.0)",26.0021393,95.69127280000001
190,MMR005034,Homalin,ဟုမ္မလင်း,မြို့နယ်,Township,"ဟုမ္မလင်း, ခန္တီးခရိုင်, စစ်ကိုင်းတိုင်း (Sagaing), Myanmar","(24.8688705, 94.9168779, 0.0)",24.8688705,94.9168779
191,MMR005035,Lay Shi,လေရှီး,မြို့နယ်,Township,"လေရှီး, နာဂ ကိုယ်ပိုင်အုပ်ချုပ်ခွင့်ရ ဒေသ, ခန္တီးခရိုင်, စစ်ကိုင်းတိုင်း (Sagaing), Myanmar","(25.4463832, 94.9560249, 0.0)",25.4463832,94.9560249
192,MMR005036,Lahe,လဟယ်,မြို့နယ်,Township,"လဟယ်, နာဂ ကိုယ်ပိုင်အုပ်ချုပ်ခွင့်ရ ဒေသ, ခန္တီးခရိုင်, စစ်ကိုင်းတိုင်း (Sagaing), Myanmar","(26.3252881, 95.4423223, 0.0)",26.325288099999998,95.4423223
193,MMR005037,Nanyun,နန်းယွန်း,မြို့နယ်,Township,"နန်းယွန်း, နာဂ ကိုယ်ပိုင်အုပ်ချုပ်ခွင့်ရ ဒေသ, ခန္တီးခရိုင်, စစ်ကိုင်းတိုင်း (Sagaing), Myanmar","(26.9798882, 96.1671674, 0.0)",26.979888199999998,96.16716740000001
194,MMR006001,Dawei,ထားဝယ်,မြို့နယ်,Township,"Dawei ထားဝယ်, ကျောက်ဆည်, ကျောက်ဆည်ခရိုင်, မန္တလေးတိုင်း, 05151, Myanmar","(21.583105, 96.1519011, 0.0)",21.583105,96.15190109999999
195,MMR006002,Launglon,လောင်းလုံး,မြို့နယ်,Township,"လောင်းလုံး, Dawei District, Tanintharyi Region, 60102, Myanmar","(13.876935549999999, 97.89963424616315, 0.0)",13.87693555,97.89963424616316
196,MMR006003,Thayetchaung,သရက်ချောင်း,မြို့နယ်,Township,"သရက်ချောင်း, Dawei District, Tanintharyi Region, Myanmar","(13.65614075, 98.42172453844316, 0.0)",13.65614075,98.42172453844316
197,MMR006004,Yebyu,ရေဖြူ,မြို့နယ်,Township,"ရေဖြူ, Dawei District, Tanintharyi Region, Myanmar","(14.6360285, 98.00147291482196, 0.0)",14.6360285,98.00147291482195
198,MMR006005,Myeik,မြိတ်,မြို့နယ်,Township,"မြိတ် လေဆိပ်, ကုန်းဖေါက်လမ်း Kone Phauk Road, Shwe Pay ရွေပေး, မြိတ်မြို့, Myeik District, Tanintharyi Region, 14051, Myanmar","(12.437362199999999, 98.62078837812436, 0.0)",12.4373622,98.62078837812435
199,MMR006006,Kyunsu,ကျွန်းစု,မြို့နယ်,Township,"ကျွန်းစု, Myeik District, Tanintharyi Region, 63150, Myanmar","(12.1267742, 98.09774623270837, 0.0)",12.1267742,98.09774623270836
200,MMR006007,Palaw,ပုလော,မြို့နယ်,Township,"ပုလော, Myeik District, Tanintharyi Region, Myanmar","(13.1117748, 98.19618266726906, 0.0)",13.111774800000003,98.19618266726906
201,MMR006008,Tanintharyi,တနင်္သာရီ,မြို့နယ်,Township,"တနင်္သာရီ, Myeik District, Tanintharyi Region, 14071, Myanmar","(12.0911435, 99.0111487, 0.0)",12.0911435,99.0111487
202,MMR006009,Kawthoung,ကော့သောင်း,မြို့နယ်,Township,"ကော့သောင်း, Kawthoung District, Tanintharyi Region, Myanmar","(10.1839426, 98.11827779792682, 0.0)",10.1839426,98.11827779792681
203,MMR006010,Bokpyin,ဘုတ်ပြင်း,မြို့နယ်,Township,"ဘုတ်ပြင်း, Kawthoung District, Tanintharyi Region, Myanmar","(11.219682500000001, 98.31206654932451, 0.0)",11.2196825,98.31206654932451
204,MMR007001,Bago,ပဲခူး,မြို့နယ်,Township,"ပဲခူး, ပဲခူးခရိုင်, ပဲခူးတိုင်းဒေသကြီး အရှေ့ခြမ်း, ပဲခူးတိုင်းဒေသကြီး (Bago), Myanmar","(17.336667, 96.479722, 0.0)",17.336667000000002,96.479722
205,MMR007002,Thanatpin,သနပ်ပင်,မြို့နယ်,Township,"Tha Nat Pin သနပ်ပင်, ကျောက်ဆည်ခရိုင်, မန္တလေးတိုင်း, Myanmar","(21.8085443, 96.0825663, 0.0)",21.8085443,96.0825663
206,MMR007003,Kawa,ကဝ,မြို့နယ်,Township,"ကဝ, ပဲခူးခရိုင်, ပဲခူးတိုင်းဒေသကြီး အရှေ့ခြမ်း, ပဲခူးတိုင်းဒေသကြီး (Bago), Myanmar","(17.0891732, 96.4603044, 0.0)",17.089173199999998,96.46030440000001
207,MMR007004,Waw,ဝေါ,မြို့နယ်,Township,"ဝေါ, ပဲခူးခရိုင်, ပဲခူးတိုင်းဒေသကြီး အရှေ့ခြမ်း, ပဲခူးတိုင်းဒေသကြီး (Bago), 08071, Myanmar","(17.4771259, 96.6756871, 0.0)",17.4771259,96.67568709999999
208,MMR007005,Nyaunglebin,ညောင်လေးပင်,မြို့နယ်,Township,"ညောင်လေးပင်, ပဲခူးခရိုင်, ပဲခူးတိုင်းဒေသကြီး အရှေ့ခြမ်း, ပဲခူးတိုင်းဒေသကြီး (Bago), 08031, Myanmar","(17.95, 96.733333, 0.0)",17.95,96.733333
209,MMR007006,Kyauktaga,ကျောက်တံခါး,မြို့နယ်,Township,"ကျောက်တံခါး, သံတွဲခရိုင, ရခိုင်ပြည်နယ် (Rakhine), Myanmar","(18.844021, 94.346947, 0.0)",18.844020999999998,94.346947
210,MMR007007,Daik-U,ဒိုက်ဦး,မြို့နယ်,Township,"ဒိုက်ဦး, ပဲခူးခရိုင်, ပဲခူးတိုင်းဒေသကြီး အရှေ့ခြမ်း, ပဲခူးတိုင်းဒေသကြီး (Bago), Myanmar","(17.789671, 96.669693, 0.0)",17.789671,96.66969300000001
211,MMR007008,Shwegyin,ရွှေကျင်,မြို့နယ်,Township,"ရွှေကျင်, မြောက်ဦးခရိုင, ရခိုင်ပြည်နယ် (Rakhine), Myanmar","(20.565411, 93.321358, 0.0)",20.565410999999997,93.32135799999999
212,MMR007009,Taungoo,တောင်ငူ,မြို့နယ်,Township,"တောင်ငူ, တောင်ငူခရိုင်, ပဲခူးတိုင်းဒေသကြီး အရှေ့ခြမ်း, ပဲခူးတိုင်းဒေသကြီး (Bago), Myanmar","(18.9342565, 96.4326678, 0.0)",18.9342565,96.43266779999999
213,MMR007010,Yedashe,ရေတာရှည်,မြို့နယ်,Township,"ရေတာရှည်, တောင်ငူခရိုင်, ပဲခူးတိုင်းဒေသကြီး အရှေ့ခြမ်း, ပဲခူးတိုင်းဒေသကြီး (Bago), Myanmar","(19.156925, 96.342339, 0.0)",19.156925,96.342339
214,MMR007011,Kyaukkyi,ကျောက်ကြီး,မြို့နယ်,Township,"ကျောက်ကြီး, သံတွဲခရိုင, ရခိုင်ပြည်နယ် (Rakhine), Myanmar","(17.64929, 94.587311, 0.0)",17.64929,94.587311
215,MMR007012,Phyu,ဖြူး,မြို့နယ်,Township,"ဖြူး, တောင်ငူခရိုင်, ပဲခူးတိုင်းဒေသကြီး အရှေ့ခြမ်း, ပဲခူးတိုင်းဒေသကြီး (Bago), Myanmar","(18.483333, 96.433333, 0.0)",18.483333,96.43333299999999
216,MMR007013,Oktwin,အုတ်တွင်း,မြို့နယ်,Township,"အုတ်တွင်း, တောင်ငူခရိုင်, ပဲခူးတိုင်းဒေသကြီး အရှေ့ခြမ်း, ပဲခူးတိုင်းဒေသကြီး (Bago), 08121, Myanmar","(18.832928, 96.413628, 0.0)",18.832928,96.413628
217,MMR007014,Htantabin,ထန်းတပင်,မြို့နယ်,Township,"ထန်းတပင်, ရန်ကုန်တိုင်းဒေသကြီး, 1111, Myanmar","(17.05755495, 95.88844688904413, 0.0)",17.05755495,95.88844688904413
218,MMR008001,Pyay,ပြည်,မြို့နယ်,Township,"ပြည်, ပြည်ခရိုင, ပဲခူးတိုင်းဒေသကြီး အနောက်ခြမ်း, ပဲခူးတိုင်းဒေသကြီး (Bago), Myanmar","(18.816667, 95.216667, 0.0)",18.816667000000002,95.216667
219,MMR008002,Paukkhaung,ပေါက်ခေါင်း,မြို့နယ်,Township,"ပေါက်ခေါင်း, ပြည်ခရိုင, ပဲခူးတိုင်းဒေသကြီး အနောက်ခြမ်း, ပဲခူးတိုင်းဒေသကြီး (Bago), +95, Myanmar","(18.9087198, 95.5490934, 0.0)",18.9087198,95.5490934
220,MMR008003,Padaung,ပန်းတောင်း,မြို့နယ်,Township,"ပန်းတောင်း, ပြည်ခရိုင, ပဲခူးတိုင်းဒေသကြီး အနောက်ခြမ်း, ပဲခူးတိုင်းဒေသကြီး (Bago), Myanmar","(18.717974, 95.153526, 0.0)",18.717973999999998,95.153526
221,MMR008004,Paungde,ပေါင်းတည်,မြို့နယ်,Township,"ပေါင်းတည်, ပြည်ခရိုင, ပဲခူးတိုင်းဒေသကြီး အနောက်ခြမ်း, ပဲခူးတိုင်းဒေသကြီး (Bago), Myanmar","(18.4928344, 95.5071615, 0.0)",18.4928344,95.5071615
222,MMR008005,Thegon,သဲကုန်း,မြို့နယ်,Township,"သဲကုန်း, သံတွဲခရိုင, ရခိုင်ပြည်နယ် (Rakhine), Myanmar","(18.075029, 94.482948, 0.0)",18.075029,94.482948
223,MMR008006,Shwedaung,ရွှေတောင်,မြို့နယ်,Township,"ရွှေတောင်, မြောက်ဦးခရိုင, ရခိုင်ပြည်နယ် (Rakhine), Myanmar","(20.558029, 93.313911, 0.0)",20.558029,93.313911
224,MMR008007,Thayarwady,သာယာဝတီ,မြို့နယ်,Township,"သာယာဝတီ, သာယာဝတီခရိုင, ပဲခူးတိုင်းဒေသကြီး အနောက်ခြမ်း, ပဲခူးတိုင်းဒေသကြီး (Bago), Myanmar","(17.654413, 95.786285, 0.0)",17.654413,95.78628499999999
225,MMR008008,Letpadan,လက်ပံတန်း,မြို့နယ်,Township,"လက်ပံတန်း, သာယာဝတီခရိုင, ပဲခူးတိုင်းဒေသကြီး အနောက်ခြမ်း, ပဲခူးတိုင်းဒေသကြီး (Bago), 12345, Myanmar","(17.783333, 95.75, 0.0)",17.783333,95.75
226,MMR008009,Minhla,မင်းလှ,မြို့နယ်,Township,"မင်းလှ, ကလေးခရိုင်, စစ်ကိုင်းတိုင်း (Sagaing), Myanmar","(23.37225, 94.041817, 0.0)",23.37225,94.04181700000001
227,MMR008010,Okpho,အုတ်ဖို,မြို့နယ်,Township,"အုတ်ဖို, သာယာဝတီခရိုင, ပဲခူးတိုင်းဒေသကြီး အနောက်ခြမ်း, ပဲခူးတိုင်းဒေသကြီး (Bago), Myanmar","(18.130222, 95.671768, 0.0)",18.130222,95.671768
228,MMR008011,Zigon,ဇီးကုန်း,မြို့နယ်,Township,"ဇီးကုန်း, Thaton District, Mon, Myanmar","(17.5664929, 97.2536863, 0.0)",17.566492899999997,97.2536863
229,MMR008012,Nattalin,နတ်တလင်း,မြို့နယ်,Township,"နတ်တလင်း, စစ်တွေခရိုင, ရခိုင်ပြည်နယ် (Rakhine), Myanmar","(20.565109, 92.918747, 0.0)",20.565109,92.918747
230,MMR008013,Monyo,မိုးညို,မြို့နယ်,Township,"မိုးညို, သာယာဝတီခရိုင, ပဲခူးတိုင်းဒေသကြီး အနောက်ခြမ်း, ပဲခူးတိုင်းဒေသကြီး (Bago), 53754, Myanmar","(18.027185, 95.511848, 0.0)",18.027185,95.511848
231,MMR008014,Gyobingauk,ကြို့ပင်ကောက်,မြို့နယ်,Township,"ကြို့ပင်ကောက်, သာယာဝတီခရိုင, ပဲခူးတိုင်းဒေသကြီး အနောက်ခြမ်း, ပဲခူးတိုင်းဒေသကြီး (Bago), Myanmar","(18.230615, 95.6491121, 0.0)",18.230615,95.6491121
232,MMR009001,Magway,မကွေး,မြို့နယ်,Township,"မကွေး, မကွေးခရိုင်, မကွေးတိုင်းဒေသကြီး, Myanmar","(20.1491458, 94.9213518, 0.0)",20.149145800000003,94.9213518
233,MMR009002,Yenangyaung,ရေနံချောင်း,မြို့နယ်,Township,"ရေနံချောင်း, မကွေးခရိုင်, မကွေးတိုင်းဒေသကြီး, Myanmar","(20.4608216, 94.872961, 0.0)",20.460821600000003,94.872961
234,MMR009003,Chauk,ချောက်,မြို့နယ်,Township,"ချောက်, မကွေးခရိုင်, မကွေးတိုင်းဒေသကြီး, 24398, Myanmar","(20.8947519, 94.8198211, 0.0)",20.894751899999996,94.81982109999998
235,MMR009004,Taungdwingyi,တောင်တွင်းကြီး,မြို့နယ်,Township,"တောင်တွင်းကြီး, မကွေးခရိုင်, မကွေးတိုင်းဒေသကြီး, Myanmar","(20.001873, 95.546135, 0.0)",20.001873,95.54613499999999
236,MMR009005,Myothit,မြို့သစ်,မြို့နယ်,Township,"မြို့သစ်, ဗန်းမော်ခရိုင်, ကချင်ပြည်နယ် (Kachin), Myanmar","(24.4109379, 97.4068024, 0.0)",24.410937899999997,97.4068024
237,MMR009006,Natmauk,နတ်မောက်,မြို့နယ်,Township,"နတ်မောက်, မကွေးခရိုင်, မကွေးတိုင်းဒေသကြီး, 04121, Myanmar","(20.353386, 95.399658, 0.0)",20.353385999999997,95.399658
238,MMR009007,Minbu,မင်းဘူး,မြို့နယ်,Township,"မင်းဘူး, မင်းဘူးခရိုင်, မကွေးတိုင်းဒေသကြီး, Myanmar","(20.1837903, 94.8767199, 0.0)",20.183790300000002,94.8767199
239,MMR009008,Pwintbyu,ပွင့်ဖြူ,မြို့နယ်,Township,"ပွင့်ဖြူ, မင်းဘူးခရိုင်, မကွေးတိုင်းဒေသကြီး, 04032, Myanmar","(20.363335, 94.669334, 0.0)",20.363335,94.66933399999999
240,MMR009009,Ngape,ငဖဲ,မြို့နယ်,Township,"ငဖဲမြို့, မင်းဘူးခရိုင်, မကွေးတိုင်းဒေသကြီး, 04061, Myanmar","(20.0756891, 94.4681737, 0.0)",20.0756891,94.46817370000001
241,MMR009010,Salin,စလင်း,မြို့နယ်,Township,"စလင်း, မင်းဘူးခရိုင်, မကွေးတိုင်းဒေသကြီး, Myanmar","(20.5772, 94.659363, 0.0)",20.5772,94.659363
243,MMR009012,Thayet,သရက်,မြို့နယ်,Township,"သရက်, သရက်ခရိုင်, မကွေးတိုင်းဒေသကြီး, Myanmar","(19.322687, 95.1794744, 0.0)",19.322687,95.1794744
244,MMR009013,Minhla,မင်းလှ,မြို့နယ်,Township,"မင်းလှ, ကလေးခရိုင်, စစ်ကိုင်းတိုင်း (Sagaing), Myanmar","(23.37225, 94.041817, 0.0)",23.37225,94.04181700000001
245,MMR009014,Mindon,မင်းတုန်း,မြို့နယ်,Township,"မင်းတုန်း, သရက်ခရိုင်, မကွေးတိုင်းဒေသကြီး, Myanmar","(19.346293, 94.731941, 0.0)",19.346293,94.731941
246,MMR009015,Kamma,ကံမ,မြို့နယ်,Township,"ကံမ, သရက်ခရိုင်, မကွေးတိုင်းဒေသကြီး, Myanmar","(19.028971, 95.09594, 0.0)",19.028971,95.09594
247,MMR009016,Aunglan,အောင်လံ,မြို့နယ်,Township,"အောင်လံ, သရက်ခရိုင်, မကွေးတိုင်းဒေသကြီး, 04151, Myanmar","(19.366667, 95.216667, 0.0)",19.366667,95.216667
248,MMR009017,Sinbaungwe,ဆင်ပေါင်ဝဲ,မြို့နယ်,Township,"ဆင်ပေါင်ဝဲ, သရက်ခရိုင်, မကွေးတိုင်းဒေသကြီး, Myanmar","(19.727261, 95.166204, 0.0)",19.727261,95.16620400000001
249,MMR009018,Pakokku,ပခုက္ကူ,မြို့နယ်,Township,"ပခုက္ကူ, ပခုက္ကူခရိုင်, မကွေးတိုင်းဒေသကြီး, 04201, Myanmar","(21.3343349, 95.0944271, 0.0)",21.334334899999998,95.09442709999999
250,MMR009019,Yesagyo,ရေစကြို,မြို့နယ်,Township,"ရေစကြို, ပခုက္ကူခရိုင်, မကွေးတိုင်းဒေသကြီး, Myanmar","(21.632949, 95.2487324, 0.0)",21.632949,95.24873240000001
251,MMR009020,Myaing,မြိုင်,မြို့နယ်,Township,"မြိုင်, ပခုက္ကူခရိုင်, မကွေးတိုင်းဒေသကြီး, Myanmar","(21.61256, 94.854317, 0.0)",21.612560000000002,94.85431700000001
252,MMR009021,Pauk,ပေါက်,မြို့နယ်,Township,"ပေါက်, ပခုက္ကူခရိုင်, မကွေးတိုင်းဒေသကြီး, Myanmar","(21.45215, 94.473737, 0.0)",21.45215,94.473737
253,MMR009022,Seikphyu,ဆိပ်ဖြူ,မြို့နယ်,Township,"ဆိပ်ဖြူ, ပခုက္ကူခရိုင်, မကွေးတိုင်းဒေသကြီး, Myanmar","(20.906509, 94.792427, 0.0)",20.906509,94.792427
254,MMR009023,Gangaw,ဂန့်ဂေါ,မြို့နယ်,Township,"ဂန့်ဂေါ, ဂန့်ဂေါခရိုင်, မကွေးတိုင်းဒေသကြီး, Myanmar","(22.1769278, 94.1328898, 0.0)",22.1769278,94.13288979999999
255,MMR009024,Tilin,ထီးလင်း,မြို့နယ်,Township,"ထီးလင်း, ဂန့်ဂေါခရိုင်, မကွေးတိုင်းဒေသကြီး, Myanmar","(21.6959068, 94.0941855, 0.0)",21.6959068,94.0941855
256,MMR009025,Saw,ဆော,မြို့နယ်,Township,"ဆော, ဂန့်ဂေါခရိုင်, မကွေးတိုင်းဒေသကြီး, Myanmar","(21.1523995, 94.1558364, 0.0)",21.152399499999998,94.15583640000001
257,MMR010001,Aungmyaythazan,အောင်မြေသာစံ,မြို့နယ်,Township,"အောင်မြေသာစံ, မန္တလေးခရိုင်, မန္တလေးတိုင်း, Myanmar","(22.004523900000002, 96.09846939089206, 0.0)",22.0045239,96.09846939089206
258,MMR010002,Chanayethazan,ချမ်းအေးသာစံ,မြို့နယ်,Township,"ချမ်းအေးသာစံ, မန္တလေးခရိုင်, မန္တလေးတိုင်း, Myanmar","(21.9759744, 96.09352790820085, 0.0)",21.9759744,96.09352790820084
259,MMR010003,Mahaaungmyay,မဟာအောင်မြေ,မြို့နယ်,Township,"မဟာအောင်မြေ, မန္တလေးခရိုင်, မန္တလေးတိုင်း, Myanmar","(21.958904, 96.091162, 0.0)",21.958904,96.091162
260,MMR010004,Chanmyathazi,ချမ်းမြသာစည်,မြို့နယ်,Township,"ချမ်းမြသာစည်, မန္တလေးခရိုင်, မန္တလေးတိုင်း, Myanmar","(21.939404, 96.095838, 0.0)",21.939404,96.095838
261,MMR010005,Pyigyitagon,ပြည်ကြီးတံခွန်,မြို့နယ်,Township,"ပြည်ကြီးတံခွန်, မန္တလေးခရိုင်, မန္တလေးတိုင်း, Myanmar","(21.901964, 96.104181, 0.0)",21.901964000000003,96.10418100000001
262,MMR010006,Amarapura,အမရပူရ,မြို့နယ်,Township,"အမရပူရ, မန္တလေးခရိုင်, မန္တလေးတိုင်း, 05062, Myanmar","(21.903139, 96.049483, 0.0)",21.903139000000003,96.049483
263,MMR010007,Patheingyi,ပုသိမ်ကြီး,မြို့နယ်,Township,"ပုသိမ်ကြီး, မန္တလေးခရိုင်, မန္တလေးတိုင်း, Myanmar","(22.012563, 96.154303, 0.0)",22.012563,96.154303
264,MMR010008,Pyinoolwin,ပြင်ဦးလွင်,မြို့နယ်,Township,"ပြင်ဦးလွင်, ပြင်ဦးလွင်ခရိုင်, မန္တလေးတိုင်း, Myanmar","(22.0333331, 96.466667, 0.0)",22.0333331,96.466667
265,MMR010009,Madaya,မတ္တရာ,မြို့နယ်,Township,"မတ္တရာ, ပြင်ဦးလွင်ခရိုင်, မန္တလေးတိုင်း, 05121, Myanmar","(22.21036, 96.106392, 0.0)",22.21036,96.106392
266,MMR010010,Singu,စဉ့်ကူး,မြို့နယ်,Township,"စဉ့်ကူး, ပြင်ဦးလွင်ခရိုင်, မန္တလေးတိုင်း, Myanmar","(22.549781, 95.998993, 0.0)",22.549781,95.998993
267,MMR010011,Mogoke,မိုးကုတ်,မြို့နယ်,Township,"မိုးကုတ်မြို့နယ်, ပြင်ဦးလွင်ခရိုင်, မန္တလေးတိုင်း, 05091, Myanmar","(22.90763075, 96.43951377692126, 0.0)",22.90763075,96.43951377692127
268,MMR010012,Thabeikkyin,သပိတ်ကျင်း,မြို့နယ်,Township,"သပိတ်ကျင်း, ပြင်ဦးလွင်ခရိုင်, မန္တလေးတိုင်း, Myanmar","(23.19157735, 96.0668223281875, 0.0)",23.19157735,96.0668223281875
269,MMR010013,Kyaukse,ကျောက်ဆည်,မြို့နယ်,Township,"ကျောက်ဆည်, ကျောက်ဆည်ခရိုင်, မန္တလေးတိုင်း, 05151, Myanmar","(21.72522725, 96.60359319240224, 0.0)",21.72522725,96.60359319240223
270,MMR010014,Sintgaing,စဉ့်ကိုင်,မြို့နယ်,Township,"စဉ့်ကိုင်, ကျောက်ဆည်ခရိုင်, မန္တလေးတိုင်း, 05141, Myanmar","(21.7322063, 96.1082034, 0.0)",21.732206299999998,96.10820340000001
271,MMR010015,Myittha,မြစ်သား,မြို့နယ်,Township,"Myit Thar မြစ်သား, ကျောက်ဆည်ခရိုင်, မန္တလေးတိုင်း, Myanmar","(21.4251686, 96.13010567302811, 0.0)",21.425168600000003,96.13010567302813
272,MMR010016,Tada-U,တံတားဦး,မြို့နယ်,Township,"တံတားဦး, ကျောက်ဆည်ခရိုင်, မန္တလေးတိုင်း, 066, Myanmar","(21.8162339, 95.9700599, 0.0)",21.816233899999997,95.97005990000001
273,MMR010017,Myingyan,မြင်းခြံ,မြို့နယ်,Township,"မြင်းခြံ, မြင်းခြံခရိုင်, မန္တလေးတိုင်း, 100401, Myanmar","(21.4587531, 95.3924129, 0.0)",21.458753100000003,95.39241290000001
274,MMR010018,Taungtha,တောင်သာ,မြို့နယ်,Township,"တောင်သာ, မြင်းခြံခရိုင်, မန္တလေးတိုင်း, Myanmar","(21.27603, 95.445412, 0.0)",21.27603,95.445412
275,MMR010019,Natogyi,နွားထိုးကြီး,မြို့နယ်,Township,"နွားထိုးကြီး, မြင်းခြံခရိုင်, မန္တလေးတိုင်း, 02, Myanmar","(21.459544899999997, 95.73064381971119, 0.0)",21.4595449,95.7306438197112
276,MMR010020,Kyaukpadaung,ကျောက်ပန်းတောင်း,မြို့နယ်,Township,"ကျောက်ပန်းတောင်း, ညောင်ဦးခရိုင်, မန္တလေးတိုင်း, 05241, Myanmar","(20.8410724, 95.1279364, 0.0)",20.841072399999998,95.12793640000001
277,MMR010021,Ngazun,ငါန်းဇွန်,မြို့နယ်,Township,"ငါန်းဇွန်, မြင်းခြံခရိုင်, မန္တလေးတိုင်း, Myanmar","(21.898103, 95.6877173, 0.0)",21.898103,95.68771729999999
278,MMR010022,Nyaung-U,ညောင်ဦး,မြို့နယ်,Township,"ညောင်ဦး, ညောင်ဦးခရိုင်, မန္တလေးတိုင်း, Myanmar","(21.1999599, 94.9071683, 0.0)",21.1999599,94.9071683
279,MMR010023,Yamethin,ရမည်းသင်း,မြို့နယ်,Township,"ရမည်းသင်း, ရမည်းသင်းခရိုင်, မန္တလေးတိုင်း, +959, Myanmar","(20.4318725, 96.1399956, 0.0)",20.4318725,96.13999559999999
280,MMR010024,Pyawbwe,ပျော်ဘွယ်,မြို့နယ်,Township,"ပျော်ဘွယ်, ရမည်းသင်းခရိုင်, မန္တလေးတိုင်း, Myanmar","(20.5910458, 96.0505821, 0.0)",20.5910458,96.0505821
281,MMR010028,Meiktila,မိတ္ထီလာ,မြို့နယ်,Township,"မိတ္ထီလာ, မိတ္ထီလာခရိုင်, မန္တလေးတိုင်း, Myanmar","(20.82828715, 95.74961240412887, 0.0)",20.82828715,95.74961240412888
282,MMR010029,Mahlaing,မလှိုင်,မြို့နယ်,Township,"မလှိုင်, မိတ္ထီလာခရိုင်, မန္တလေးတိုင်း, Myanmar","(21.098669, 95.64698, 0.0)",21.098669,95.64698
283,MMR010030,Thazi,သာစည်,မြို့နယ်,Township,"သာစည်, မိတ္ထီလာခရိုင်, မန္တလေးတိုင်း, Myanmar","(20.850189, 96.05838, 0.0)",20.850189,96.05838
284,MMR010031,Wundwin,ဝမ်းတွင်း,မြို့နယ်,Township,"ဝမ်းတွင်း, မိတ္ထီလာခရိုင်, မန္တလေးတိုင်း, Myanmar","(21.09691, 96.030014, 0.0)",21.09691,96.03001400000001
285,MMR011001,Mawlamyine,မော်လမြိုင်,မြို့နယ်,Township,"မော်လမြိုင်, Mawlamyine District, Mon, Myanmar","(16.4908026, 97.6284825, 0.0)",16.4908026,97.62848249999999
286,MMR011002,Kyaikmaraw,ကျိုက်မရော,မြို့နယ်,Township,"ကျိုက်မရော, Mawlamyine District, Mon, Myanmar","(16.369119, 97.7250556, 0.0)",16.369119,97.7250556
287,MMR011003,Chaungzon,ချောင်းဆုံ,မြို့နယ်,Township,"ချောင်းဆုံ, Mawlamyine District, Mon, Myanmar","(16.31060335, 97.46106410004285, 0.0)",16.31060335,97.46106410004283
288,MMR011004,Thanbyuzayat,သံဖြူဇရပ်,မြို့နယ်,Township,"သံဖြူဇရပ်, Mawlamyine District, Mon, 12091, Myanmar","(15.9690787, 97.7278081, 0.0)",15.969078699999999,97.72780809999999
289,MMR011005,Mudon,မုဒုံ,မြို့နယ်,Township,"မုဒုံ, Mawlamyine District, Mon, 12085, Myanmar","(16.2558972, 97.7292529, 0.0)",16.2558972,97.7292529
290,MMR011006,Ye,ရေး,မြို့နယ်,Township,"ရေး, Mawlamyine District, Mon, Myanmar","(15.2464126, 97.8520389, 0.0)",15.2464126,97.85203890000001
291,MMR011007,Thaton,သထုံ,မြို့နယ်,Township,"သထုံ, Thaton District, Mon, 100, Myanmar","(16.9136941, 97.3689718, 0.0)",16.9136941,97.3689718
292,MMR011008,Paung,ပေါင်,မြို့နယ်,Township,"ပေါင်, Thaton District, Mon, Myanmar","(16.6621036, 97.439756, 0.0)",16.6621036,97.439756
293,MMR011009,Kyaikto,ကျိုက်ထို,မြို့နယ်,Township,"ကျိုက်ထို, Thaton District, Mon, Myanmar","(17.3091636, 97.0096713, 0.0)",17.3091636,97.0096713
294,MMR011010,Bilin,ဘီးလင်း,မြို့နယ်,Township,"ဘီးလင်း, Thaton District, Mon, Myanmar","(17.2142678, 97.2318618, 0.0)",17.214267800000002,97.2318618
295,MMR012001,Sittwe,စစ်တွေ,မြို့နယ်,Township,"စစ်တွေ, စစ်တွေခရိုင, ရခိုင်ပြည်နယ် (Rakhine), 043, Myanmar","(20.15, 92.9, 0.0)",20.15,92.9
296,MMR012002,Ponnagyun,ပုဏ္ဏားကျွန်း,မြို့နယ်,Township,"ပုဏ္ဏားကျွန်း, စစ်တွေခရိုင, ရခိုင်ပြည်နယ် (Rakhine), Myanmar","(20.331985, 93.004295, 0.0)",20.331985,93.004295
297,MMR012003,Mrauk-U,မြောက်ဦး,မြို့နယ်,Township,"မြောက်ဦး, မြောက်ဦးခရိုင, ရခိုင်ပြည်နယ် (Rakhine), Myanmar","(20.61451045, 93.17012433699182, 0.0)",20.61451045,93.1701243369918
298,MMR012004,Kyauktaw,ကျောက်တော်,မြို့နယ်,Township,"ကျောက်တော်, မြောက်ဦးခရိုင, ရခိုင်ပြည်နယ် (Rakhine), Myanmar","(20.843957, 92.97282, 0.0)",20.843957,92.97282
299,MMR012005,Minbya,မင်းပြား,မြို့နယ်,Township,"မင်းပြား, မြောက်ဦးခရိုင, ရခိုင်ပြည်နယ် (Rakhine), Myanmar","(20.364523, 93.27269, 0.0)",20.364523000000002,93.27269
300,MMR012006,Myebon,မြေပုံ,မြို့နယ်,Township,"မြေပုံ, မြောက်ဦးခရိုင, ရခိုင်ပြည်နယ် (Rakhine), 07011, Myanmar","(20.046762, 93.373764, 0.0)",20.046762,93.37376400000001
301,MMR012007,Pauktaw,ပေါက်တော,မြို့နယ်,Township,"ပေါက်တော, စစ်တွေခရိုင, ရခိုင်ပြည်နယ် (Rakhine), Myanmar","(20.1825232, 93.0684364, 0.0)",20.1825232,93.06843640000001
302,MMR012008,Rathedaung,ရသေ့တောင်,မြို့နယ်,Township,"ရသေ့တောင်, စစ်တွေခရိုင, ရခိုင်ပြည်နယ် (Rakhine), Myanmar","(20.488342, 92.754158, 0.0)",20.488342000000003,92.75415799999999
303,MMR012009,Maungdaw,မောင်တော,မြို့နယ်,Township,"မောင်တော, မောင်တောခရိုင, ရခိုင်ပြည်နယ် (Rakhine), Myanmar","(20.8269243, 92.3661178, 0.0)",20.8269243,92.3661178
304,MMR012010,Buthidaung,ဘူးသီးတောင်,မြို့နယ်,Township,"ဘူးသီးတောင်, မောင်တောခရိုင, ရခိုင်ပြည်နယ် (Rakhine), Myanmar","(20.8747257, 92.5280099, 0.0)",20.8747257,92.5280099
305,MMR012011,Kyaukpyu,ကျောက်ဖြူ,မြို့နယ်,Township,"ကျောက်ဖြူ, ကျောက်ဖြူခရိုင်, ရခိုင်ပြည်နယ် (Rakhine), Myanmar","(19.4266675, 93.5479844, 0.0)",19.426667499999997,93.5479844
306,MMR012012,Munaung,မာန်အောင်,မြို့နယ်,Township,"မာန်အောင်, ကျောက်ဖြူခရိုင်, ရခိုင်ပြည်နယ် (Rakhine), Myanmar","(18.793946249999998, 93.63100831206881, 0.0)",18.79394625,93.6310083120688
307,MMR012013,Ramree,ရမ်းဗြဲ,မြို့နယ်,Township,"ရမ်းဗြဲ, ကျောက်ဖြူခရိုင်, ရခိုင်ပြည်နယ် (Rakhine), Myanmar","(19.091339, 93.8632293, 0.0)",19.091339,93.8632293
308,MMR012014,Ann,အမ်း,မြို့နယ်,Township,"အမ်း, ကျောက်ဖြူခရိုင်, ရခိုင်ပြည်နယ် (Rakhine), 07151, Myanmar","(19.7808466, 94.0312875, 0.0)",19.7808466,94.0312875
309,MMR012015,Thandwe,သံတွဲ,မြို့နယ်,Township,"သံတွဲ, သံတွဲခရိုင, ရခိုင်ပြည်နယ် (Rakhine), 07171, Myanmar","(18.4664443, 94.3668616, 0.0)",18.4664443,94.3668616
310,MMR012016,Toungup,တောင်ကုတ်,မြို့နယ်,Township,"တောင်ကုတ်, သံတွဲခရိုင, ရခိုင်ပြည်နယ် (Rakhine), Myanmar","(18.8548345, 94.2387634, 0.0)",18.8548345,94.23876340000001
311,MMR012017,Gwa,ဂွ,မြို့နယ်,Township,"ဂွ, သံတွဲခရိုင, ရခိုင်ပြည်နယ် (Rakhine), Myanmar","(17.5958274, 94.5801887, 0.0)",17.595827399999997,94.5801887
312,MMR013001,Insein,အင်းစိန်,မြို့နယ်,Township,"အင်းစိန်, Northern District, ရန်ကုန်တိုင်းဒေသကြီး, Myanmar","(16.8879884, 96.1066695, 0.0)",16.887988399999998,96.1066695
313,MMR013002,Mingaladon,မင်္ဂလာဒုံ,မြို့နယ်,Township,"မင်္ဂလာဒုံ, ပန်းချယ်ရီလမ်း, Mingaladon, Northern District, ရန်ကုန်တိုင်းဒေသကြီး, 11031, Myanmar","(16.9308484, 96.1450096, 0.0)",16.9308484,96.1450096
314,MMR013003,Hmawbi,မှော်ဘီ,မြို့နယ်,Township,"မှော်ဘီ, ရန်ကုန်တိုင်းဒေသကြီး, Myanmar","(17.128675899999998, 96.0535465205914, 0.0)",17.128675899999998,96.05354652059141
315,MMR013004,Hlegu,လှည်းကူး,မြို့နယ်,Township,"လှည်းကူး, ရန်ကုန်တိုင်းဒေသကြီး, Myanmar","(17.0988371, 96.2233619, 0.0)",17.0988371,96.2233619
316,MMR013005,Taikkyi,တိုက်ကြီး,မြို့နယ်,Township,"တိုက်ကြီး, ရန်ကုန်တိုင်းဒေသကြီး, 11101, Myanmar","(17.3145946, 95.9588329, 0.0)",17.314594600000003,95.9588329
317,MMR013006,Htantabin,ထန်းတပင်,မြို့နယ်,Township,"ထန်းတပင်, ရန်ကုန်တိုင်းဒေသကြီး, 1111, Myanmar","(17.05755495, 95.88844688904413, 0.0)",17.05755495,95.88844688904413
318,MMR013007,Shwepyithar,ရွှေပြည်သာ,မြို့နယ်,Township,"ရွှေပြည်သာ, Northern District, ရန်ကုန်တိုင်းဒေသကြီး, 11411, Myanmar","(16.9532724, 96.0795114, 0.0)",16.9532724,96.0795114
319,MMR013008,Hlaingtharya,လှိုင်သာယာ,မြို့နယ်,Township,"လှိုင်သာယာ, Northern District, ရန်ကုန်တိုင်းဒေသကြီး, Myanmar","(16.8763811, 96.0633373, 0.0)",16.876381100000003,96.0633373
320,MMR013009,Thingangyun,သင်္ဃန်းကျွန်း,မြို့နယ်,Township,"သင်္ဃန်းကျွန်း, Eastern District, ရန်ကုန်တိုင်းဒေသကြီး, Myanmar","(16.8319649, 96.1973169, 0.0)",16.8319649,96.1973169
321,MMR013010,Yankin,ရန်ကင်း,မြို့နယ်,Township,"ရန်ကင်း, မြောက်ဦးခရိုင, ရခိုင်ပြည်နယ် (Rakhine), Myanmar","(20.4963, 93.198669, 0.0)",20.4963,93.198669
322,MMR013011,South Okkalapa,တောင်ဥက္ကလာပ,မြို့နယ်,Township,"တောင်ဥက္ကလာပ, Eastern District, ရန်ကုန်တိုင်းဒေသကြီး, Myanmar","(16.8470123, 96.1801647, 0.0)",16.847012300000003,96.1801647
323,MMR013012,North Okkalapa,မြောက်ဥက္ကလာပ,မြို့နယ်,Township,"မြောက်ဥက္ကလာပ, Eastern District, ရန်ကုန်တိုင်းဒေသကြီး, Myanmar","(16.9170016, 96.1669251, 0.0)",16.9170016,96.16692509999999
324,MMR013013,Thaketa,သာကေတ,မြို့နယ်,Township,"သာကေတ, Southern District, ရန်ကုန်တိုင်းဒေသကြီး, Myanmar","(16.7980403, 96.2072005, 0.0)",16.7980403,96.2072005
325,MMR013014,Dawbon,ဒေါပုံ,မြို့နယ်,Township,"ဒေါပုံ, Southern District, ရန်ကုန်တိုင်းဒေသကြီး, Myanmar","(16.7826249, 96.1877755, 0.0)",16.7826249,96.1877755
326,MMR013015,Tamwe,တာမွေ,မြို့နယ်,Township,"တာမွေ, Southern District, ရန်ကုန်တိုင်းဒေသကြီး, Myanmar","(16.8062992, 96.1769272, 0.0)",16.8062992,96.1769272
327,MMR013016,Pazundaung,ပုဇွန်တောင်,မြို့နယ်,Township,"ပုဇွန်တောင်, Eastern District, ရန်ကုန်တိုင်းဒေသကြီး, 1118, Myanmar","(16.77797085, 96.17550522618376, 0.0)",16.77797085,96.17550522618376
328,MMR013017,Botahtaung,ဗိုလ်တထောင်,မြို့နယ်,Township,"ဗိုလ်တထောင်, Eastern District, ရန်ကုန်တိုင်းဒေသကြီး, Myanmar","(16.7714469, 96.178371, 0.0)",16.7714469,96.178371
333,MMR013022,Mingalartaungnyunt,မင်္ဂလာတောင်ညွန့်,မြို့နယ်,Township,"မင်္ဂလာတောင်ညွန့်, Southern District, ရန်ကုန်တိုင်းဒေသကြီး, Myanmar","(16.7888526, 96.1728494, 0.0)",16.788852600000002,96.1728494
334,MMR013023,Thanlyin,သန်လျင်,မြို့နယ်,Township,"သန်လျင်, ရန်ကုန်တိုင်းဒေသကြီး, 11291, Myanmar","(16.822182400000003, 96.34755033389905, 0.0)",16.822182400000006,96.34755033389904
335,MMR013024,Kyauktan,ကျောက်တန်း,မြို့နယ်,Township,"ကျောက်တန်း, ရန်ကုန်တိုင်းဒေသကြီး, Myanmar","(16.6349752, 96.3254567, 0.0)",16.6349752,96.3254567
336,MMR013025,Thongwa,သုံးခွ,မြို့နယ်,Township,"သုံးခွ, ရန်ကုန်တိုင်းဒေသကြီး, Myanmar","(16.7608437, 96.5237188, 0.0)",16.7608437,96.5237188
337,MMR013026,Kayan,ခရမ်း,မြို့နယ်,Township,"ခရမ်း, ရန်ကုန်တိုင်းဒေသကြီး, Myanmar","(16.905556, 96.563056, 0.0)",16.905556,96.563056
338,MMR013027,Twantay,တွံတေး,မြို့နယ်,Township,"တွံတေး, ရန်ကုန်တိုင်းဒေသကြီး, 11331, Myanmar","(16.737795650000002, 95.98545886069823, 0.0)",16.737795650000002,95.98545886069824
339,MMR013028,Kawhmu,ကော့မှူး,မြို့နယ်,Township,"ကော့မှူး, ရန်ကုန်တိုင်းဒေသကြီး, Myanmar","(16.540769400000002, 96.10926500870181, 0.0)",16.540769400000002,96.1092650087018
340,MMR013029,Kungyangon,ကွမ်းခြံကုန်း,မြို့နယ်,Township,"ကွမ်းခြံကုန်း, ရန်ကုန်တိုင်းဒေသကြီး, 951, Myanmar","(16.4391422, 96.0103711, 0.0)",16.4391422,96.01037109999999
341,MMR013030,Dala,ဒလ,မြို့နယ်,Township,"Dala, Lunda Sul, Angola","(-11.033333, 20.2, 0.0)",-11.033333,20.2
343,MMR013032,Cocokyun,ကိုကိုးကျွန်း,မြို့နယ်,Township,"ကိုကိုးကျွန်း, ရန်ကုန်တိုင်းဒေသကြီး, Myanmar","(14.87043835, 93.6220160465848, 0.0)",14.87043835,93.6220160465848
344,MMR013033,Kyauktada,ကျောက်တံတား,မြို့နယ်,Township,"ကျောက်တံတား, Western District, ရန်ကုန်တိုင်းဒေသကြီး, Myanmar","(16.774106, 96.1619839, 0.0)",16.774106,96.16198390000001
345,MMR013034,Pabedan,ပန်းဘဲတန်း,မြို့နယ်,Township,"ပန်းဘဲတန်း, Western District, ရန်ကုန်တိုင်းဒေသကြီး, Myanmar","(16.7759583, 96.1561493, 0.0)",16.775958300000003,96.1561493
346,MMR013035,Lanmadaw,လမ်းမတော်,မြို့နယ်,Township,"လမ်းမတော်, Western District, ရန်ကုန်တိုင်းဒေသကြီး, Myanmar","(16.7789664, 96.1417274, 0.0)",16.778966399999998,96.14172740000001
347,MMR013036,Latha,လသာ,မြို့နယ်,Township,"လသာ, Western District, ရန်ကုန်တိုင်းဒေသကြီး, Myanmar","(16.7763082, 96.1504591, 0.0)",16.7763082,96.15045909999999
348,MMR013037,Ahlone,အလုံ,မြို့နယ်,Township,"အလုံ, Western District, ရန်ကုန်တိုင်းဒေသကြီး, Myanmar","(16.786798, 96.1287706, 0.0)",16.786798,96.1287706
349,MMR013038,Kyeemyindaing,ကြည့်မြင်တိုင်,မြို့နယ်,Township,"ကြည့်မြင်တိုင်, Western District, ရန်ကုန်တိုင်းဒေသကြီး, Myanmar","(16.8129125, 96.121305, 0.0)",16.8129125,96.121305
350,MMR013039,Sanchaung,စမ်းချောင်း,မြို့နယ်,Township,"စမ်းချောင်း, Western District, ရန်ကုန်တိုင်းဒေသကြီး, Myanmar","(16.8061661, 96.1321384, 0.0)",16.806166100000002,96.1321384
351,MMR013040,Hlaing,လှိုင်,မြို့နယ်,Township,"လှိုင်, Northern District, ရန်ကုန်တိုင်းဒေသကြီး, Myanmar","(16.8430511, 96.1234366, 0.0)",16.843051100000004,96.12343659999999
352,MMR013041,Kamaryut,ကမာရွတ်,မြို့နယ်,Township,"ကမာရွတ်, Northern District, ရန်ကုန်တိုင်းဒေသကြီး, Myanmar","(16.8237948, 96.1320589, 0.0)",16.8237948,96.1320589
353,MMR013042,Mayangone,မရမ်းကုန်း,မြို့နယ်,Township,"မရမ်းကုန်း, Northern District, ရန်ကုန်တိုင်းဒေသကြီး, Myanmar","(16.8660884, 96.1171103, 0.0)",16.8660884,96.11711030000001
354,MMR013043,Dagon,ဒဂုံ,မြို့နယ်,Township,"ဒဂုံ, Western District, ရန်ကုန်တိုင်းဒေသကြီး, Myanmar","(16.7923726, 96.1443386, 0.0)",16.792372600000004,96.1443386
355,MMR013044,Bahan,ဗဟန်း,မြို့နယ်,Township,"ဗဟန်း, Western District, ရန်ကုန်တိုင်းဒေသကြီး, Myanmar","(16.8061396, 96.1512582, 0.0)",16.8061396,96.1512582
356,MMR013045,Seikkan,ဆိပ်ကမ်း,မြို့နယ်,Township,"ဆိပ်ကမ်း, Western District, ရန်ကုန်တိုင်းဒေသကြီး, Myanmar","(16.7711884, 96.1501676, 0.0)",16.7711884,96.1501676
358,MMR013047,Hlaingtharya (West),လှိုင်သာယာ(အနောက်ပိုင်း),မြို့နယ်,Township,"အနောက်ပိုင်း တက္ကသိုလ်, West University, လှိုင်သာယာ, ထန်းတပင်, Northern District, ရန်ကုန်တိုင်းဒေသကြီး, 11401, Myanmar","(16.94719, 96.0158699, 0.0)",16.94719,96.0158699
359,MMR014001,Taunggyi,တောင်ကြီး,မြို့နယ်,Township,"တောင်ကြီး, မြောက်ဦးခရိုင, ရခိုင်ပြည်နယ် (Rakhine), Myanmar","(20.06513, 93.539047, 0.0)",20.06513,93.539047
360,MMR014002,Nyaungshwe,ညောင်ရွှေ,မြို့နယ်,Township,"ညောင်ရွှေ, တောင်ကြီးခရိုင, ရှမ်းပြည်နယ်တောင်ပိုင်း, ရှမ်းပြည်နယ် Shan State, 06081, Myanmar","(20.3593344, 96.90721525418596, 0.0)",20.359334399999998,96.90721525418594
361,MMR014003,Hopong,ဟိုပုံး,မြို့နယ်,Township,"ဟိုပုံး, ပအိုဝ်းကိုယ်ပိုင်အုပ်ချုပ်ခွင့်ရဒေသ, တောင်ကြီးခရိုင, ရှမ်းပြည်နယ်တောင်ပိုင်း, ရှမ်းပြည်နယ် Shan State, Myanmar","(21.00033395, 97.25843348546186, 0.0)",21.00033395,97.25843348546186
362,MMR014004,Hsihseng,ဆီဆိုင်,မြို့နယ်,Township,"ဆီဆိုင်, ပအိုဝ်းကိုယ်ပိုင်အုပ်ချုပ်ခွင့်ရဒေသ, တောင်ကြီးခရိုင, ရှမ်းပြည်နယ်တောင်ပိုင်း, ရှမ်းပြည်နယ် Shan State, 140104, Myanmar","(20.242778649999998, 97.3063255218525, 0.0)",20.24277865,97.3063255218525
363,MMR014005,Kalaw,ကလော,မြို့နယ်,Township,"ဝဵင်းၵလေႃး, ကလော, တောင်ကြီးခရိုင, ရှမ်းပြည်နယ်တောင်ပိုင်း, ရှမ်းပြည်နယ် Shan State, 9782, Myanmar","(20.6356031, 96.5656373, 0.0)",20.6356031,96.5656373
364,MMR014006,Pindaya,ပင်းတယ,မြို့နယ်,Township,"ပင်းတယ, ဓနုကိုယ်ပိုင်အုပ်ချုပ်ခွင့်ရဒေသ, တောင်ကြီးခရိုင, ရှမ်းပြည်နယ်တောင်ပိုင်း, ရှမ်းပြည်နယ် Shan State, Myanmar","(20.94158, 96.662794, 0.0)",20.94158,96.66279399999999
365,MMR014007,Ywangan,ရွာငံ,မြို့နယ်,Township,"ရွာငံ, ဓနုကိုယ်ပိုင်အုပ်ချုပ်ခွင့်ရဒေသ, တောင်ကြီးခရိုင, ရှမ်းပြည်နယ်တောင်ပိုင်း, ရှမ်းပြည်နယ် Shan State, Myanmar","(21.162815, 96.442291, 0.0)",21.162815,96.442291
366,MMR014008,Lawksawk,ရပ်စောက်,မြို့နယ်,Township,"ရပ်စောက်, တောင်ကြီးခရိုင, ရှမ်းပြည်နယ်တောင်ပိုင်း, ရှမ်းပြည်နယ် Shan State, 06071, Myanmar","(21.63542045, 96.97110028261599, 0.0)",21.63542045,96.971100282616
367,MMR014009,Pinlaung,ပင်လောင်း,မြို့နယ်,Township,"ပင်လောင်း, ပအိုဝ်းကိုယ်ပိုင်အုပ်ချုပ်ခွင့်ရဒေသ, တောင်ကြီးခရိုင, ရှမ်းပြည်နယ်တောင်ပိုင်း, ရှမ်းပြည်နယ် Shan State, 06053, Myanmar","(20.137476, 96.67366002656135, 0.0)",20.137476,96.67366002656135
368,MMR014010,Pekon,ဖယ်ခုံ,မြို့နယ်,Township,"ဖယ်ခုံ, တောင်ကြီးခရိုင, ရှမ်းပြည်နယ်တောင်ပိုင်း, ရှမ်းပြည်နယ် Shan State, Myanmar","(19.6445967, 96.79529321249998, 0.0)",19.6445967,96.79529321249998
369,MMR014011,Loilen,လွိုင်လင်,မြို့နယ်,Township,"လွိုင်လင်, လွိုင်လင်ခရိုင်, ရှမ်းပြည်နယ်တောင်ပိုင်း, ရှမ်းပြည်နယ် Shan State, Myanmar","(20.86367475, 97.4635992725022, 0.0)",20.86367475,97.46359927250221
370,MMR014012,Laihka,လဲချား,မြို့နယ်,Township,"လဲချား, လွိုင်လင်ခရိုင်, ရှမ်းပြည်နယ်တောင်ပိုင်း, ရှမ်းပြည်နယ် Shan State, Myanmar","(21.29966865, 97.76209612370835, 0.0)",21.29966865,97.76209612370836
371,MMR014013,Nansang,နမ့်စန်,မြို့နယ်,Township,"နမ့်စန်, လွိုင်လင်ခရိုင်, ရှမ်းပြည်နယ်တောင်ပိုင်း, ရှမ်းပြည်နယ် Shan State, 06161, Myanmar","(20.83260345, 97.85092585039908, 0.0)",20.83260345,97.85092585039908
372,MMR014014,Kunhing,ကွန်ဟိန်း,မြို့နယ်,Township,"ကွန်ဟိန်း, လွိုင်လင်ခရိုင်, ရှမ်းပြည်နယ်တောင်ပိုင်း, ရှမ်းပြည်နယ် Shan State, 85008, Myanmar","(21.259518, 98.46762123976967, 0.0)",21.259518,98.46762123976968
373,MMR014015,Kyethi,ကျေးသီး,မြို့နယ်,Township,"ကျေးသီး, လွိုင်လင်ခရိုင်, ရှမ်းပြည်နယ်တောင်ပိုင်း, ရှမ်းပြည်နယ် Shan State, 4980, Myanmar","(21.6770639, 98.05656876304579, 0.0)",21.6770639,98.05656876304579
374,MMR014016,Mongkaing,မိုင်းကိုင်,မြို့နယ်,Township,"မိုင်းကိုင်, လွိုင်လင်ခရိုင်, ရှမ်းပြည်နယ်တောင်ပိုင်း, ရှမ်းပြည်နယ် Shan State, Myanmar","(21.746495850000002, 97.50346058062559, 0.0)",21.74649585,97.50346058062559
375,MMR014017,Monghsu,မိုင်းရှူး,မြို့နယ်,Township,"မိုင်းရှူး, လွိုင်လင်ခရိုင်, ရှမ်းပြည်နယ်တောင်ပိုင်း, ရှမ်းပြည်နယ် Shan State, Myanmar","(21.793477250000002, 98.36543972655923, 0.0)",21.79347725,98.36543972655925
376,MMR014018,Langkho,လင်းခေး,မြို့နယ်,Township,"လၢင်းၶိူဝ်း, လင်းခေးခရိုင်, ရှမ်းပြည်နယ်တောင်ပိုင်း, ရှမ်းပြည်နယ် Shan State, Myanmar","(20.3438933, 98.0057791, 0.0)",20.3438933,98.0057791
377,MMR014019,Mongnai,မိုးနဲ,မြို့နယ်,Township,"မိုးနဲ, လင်းခေးခရိုင်, ရှမ်းပြည်နယ်တောင်ပိုင်း, ရှမ်းပြည်နယ် Shan State, Myanmar","(20.6924379, 98.19400001175845, 0.0)",20.692437899999998,98.19400001175845
378,MMR014020,Mawkmai,မောက်မယ်,မြို့နယ်,Township,"မောက်မယ်, လင်းခေးခရိုင်, ရှမ်းပြည်နယ်တောင်ပိုင်း, ရှမ်းပြည်နယ် Shan State, Myanmar","(20.09605965, 97.57281943839239, 0.0)",20.09605965,97.57281943839241
379,MMR014021,Mongpan,မိုင်းပန်,မြို့နယ်,Township,"မိူင်းပၼ်ႇ, လင်းခေးခရိုင်, ရှမ်းပြည်နယ်တောင်ပိုင်း, ရှမ်းပြည်နယ် Shan State, Myanmar","(20.3186811, 98.361903, 0.0)",20.318681100000003,98.361903
380,MMR015001,Lashio,လားရှိုး,မြို့နယ်,Township,"လႃႈသဵဝ်ႈ, လားရှိုးခရိုင်, ရှမ်းပြည်နယ်မြောက်ပိုင်း, ရှမ်းပြည်နယ် Shan State, 06301, Myanmar","(22.933333, 97.75, 0.0)",22.933332999999998,97.75
381,MMR015002,Hseni,သိန္နီ,မြို့နယ်,Township,"သိန္နီ, လားရှိုးခရိုင်, ရှမ်းပြည်နယ်မြောက်ပိုင်း, ရှမ်းပြည်နယ် Shan State, Myanmar","(23.2589046, 98.13604604991531, 0.0)",23.2589046,98.13604604991531
382,MMR015003,Mongyai,မိုင်းရယ်,မြို့နယ်,Township,"မိုင်းရယ်, လားရှိုးခရိုင်, ရှမ်းပြည်နယ်မြောက်ပိုင်း, ရှမ်းပြည်နယ် Shan State, Myanmar","(22.4465142, 97.99785532837917, 0.0)",22.4465142,97.99785532837916
383,MMR015004,Tangyan,တန့်ယန်း,မြို့နယ်,Township,"တန့်ယန်း, လားရှိုးခရိုင်, ရှမ်းပြည်နယ်မြောက်ပိုင်း, ရှမ်းပြည်နယ် Shan State, Myanmar","(22.41219605, 98.42439569329905, 0.0)",22.41219605,98.42439569329905
386,MMR015007,Pangwaun,ပန်ဝိုင်,မြို့နယ်,Township,"ပန်ဝိုင်, ဝကိုယ်ပိုင်အုပ်ချုပ်ခွင့်ရတိုင်း, ဟိုပန်ခရိုင်, ရှမ်းပြည်နယ်မြောက်ပိုင်း, ရှမ်းပြည်နယ် Shan State, Wa State Northern Region, Myanmar","(23.06803225, 99.28035386869303, 0.0)",23.06803225,99.28035386869304
387,MMR015008,Mongmao,မိုင်းမော,မြို့နယ်,Township,"မိုင်းမော, ဝကိုယ်ပိုင်အုပ်ချုပ်ခွင့်ရတိုင်း, ဟိုပန်ခရိုင်, ရှမ်းပြည်နယ်မြောက်ပိုင်း, ရှမ်းပြည်နယ် Shan State, Wa State Northern Region, Myanmar","(22.9500346, 98.82583852013164, 0.0)",22.950034600000002,98.82583852013164
388,MMR015009,Muse,မူဆယ်,မြို့နယ်,Township,"မူဆယ်, မူဆယ်ခရိုင်, ရှမ်းပြည်နယ်မြောက်ပိုင်း, ရှမ်းပြည်နယ် Shan State, Myanmar","(23.900994400000002, 98.10844187851924, 0.0)",23.9009944,98.10844187851923
389,MMR015010,Namhkan,နမ့်ခမ်း,မြို့နယ်,Township,"နမ့်ခမ်း, မူဆယ်ခရိုင်, ရှမ်းပြည်နယ်မြောက်ပိုင်း, ရှမ်းပြည်နယ် Shan State, Myanmar","(23.715186250000002, 97.5661385568209, 0.0)",23.71518625,97.5661385568209
390,MMR015011,Kutkai,ကွတ်ခိုင်,မြို့နယ်,Township,"ကွတ်ခိုင်, မူဆယ်ခရိုင်, ရှမ်းပြည်နယ်မြောက်ပိုင်း, ရှမ်းပြည်နယ် Shan State, Myanmar","(23.64213505, 98.14793004051415, 0.0)",23.64213505,98.14793004051417
391,MMR015012,Kyaukme,ကျောက်မဲ,မြို့နယ်,Township,"ကျောက်မဲ, ကျောက်မဲခရိုင်, ရှမ်းပြည်နယ်မြောက်ပိုင်း, ရှမ်းပြည်နယ် Shan State, Myanmar","(22.59965065, 96.80459511035602, 0.0)",22.59965065,96.804595110356
392,MMR015013,Nawnghkio,နောင်ချို,မြို့နယ်,Township,"နောင်ချို, ကျောက်မဲခရိုင်, ရှမ်းပြည်နယ်မြောက်ပိုင်း, ရှမ်းပြည်နယ် Shan State, Myanmar","(22.3689555, 96.60958390455181, 0.0)",22.3689555,96.6095839045518
393,MMR015014,Hsipaw,သီပေါ,မြို့နယ်,Township,"သီပေါ, ကျောက်မဲခရိုင်, ရှမ်းပြည်နယ်မြောက်ပိုင်း, ရှမ်းပြည်နယ် Shan State, Myanmar","(22.40190975, 97.55452358098077, 0.0)",22.40190975,97.55452358098076
394,MMR015015,Namtu,နမ္မတူ,မြို့နယ်,Township,"နမ္မတူ, ကျောက်မဲခရိုင်, ရှမ်းပြည်နယ်မြောက်ပိုင်း, ရှမ်းပြည်နယ် Shan State, Myanmar","(23.006810299999998, 97.47445131937138, 0.0)",23.0068103,97.47445131937138
395,MMR015016,Namhsan,နမ့်ဆန်,မြို့နယ်,Township,"နမ့်ဆန်, ပလောင်ကိုယ်ပိုင်အုပ်ချုပ်ခွင့်ရဒေသ, ကျောက်မဲခရိုင်, ရှမ်းပြည်နယ်မြောက်ပိုင်း, ရှမ်းပြည်နယ် Shan State, Myanmar","(22.94588725, 97.20705503604887, 0.0)",22.94588725,97.20705503604887
396,MMR015017,Mongmit,မိုးမိတ်,မြို့နယ်,Township,"မိုးမိတ်, မိုးမိတ်ခရိုင်, ရှမ်းပြည်နယ်မြောက်ပိုင်း, ရှမ်းပြည်နယ် Shan State, Myanmar","(23.162595, 96.540304175, 0.0)",23.162595,96.540304175
397,MMR015018,Mabein,မဘိမ်း,မြို့နယ်,Township,"မဘိမ်း, မိုးမိတ်ခရိုင်, ရှမ်းပြည်နယ်မြောက်ပိုင်း, ရှမ်းပြည်နယ် Shan State, Myanmar","(23.70130125, 96.72718603132449, 0.0)",23.70130125,96.72718603132448
398,MMR015019,Manton,မန်တုံ,မြို့နယ်,Township,"မန်တုံ, ပလောင်ကိုယ်ပိုင်အုပ်ချုပ်ခွင့်ရဒေသ, ကျောက်မဲခရိုင်, ရှမ်းပြည်နယ်မြောက်ပိုင်း, ရှမ်းပြည်နယ် Shan State, Myanmar","(23.394021549999998, 97.34434555713452, 0.0)",23.39402155,97.34434555713452
399,MMR015020,Kunlong,ကွမ်းလုံ,မြို့နယ်,Township,"ၵုၼ်လူင်, ကွမ်းလုံခရိုင်, ရှမ်းပြည်နယ်မြောက်ပိုင်း, ရှမ်းပြည်နယ် Shan State, Myanmar","(23.41799, 98.655021, 0.0)",23.41799,98.65502099999999
400,MMR015021,Hopang,ဟိုပန်,မြို့နယ်,Township,"ဟိုပန်, ဝကိုယ်ပိုင်အုပ်ချုပ်ခွင့်ရတိုင်း, ဟိုပန်ခရိုင်, ရှမ်းပြည်နယ်မြောက်ပိုင်း, ရှမ်းပြည်နယ် Shan State, Wa State Northern Region, 150402, Myanmar","(23.2210209, 98.78172603586486, 0.0)",23.221020899999996,98.78172603586486
401,MMR015022,Laukkaing,လောက်ကိုင်,မြို့နယ်,Township,"လောက်ကိုင်, 果敢自治区(ကိုးကန့်), 老街县(လောက်ကိုင်ခရိုင်), ရှမ်းပြည်နယ်မြောက်ပိုင်း, ရှမ်းပြည်နယ် Shan State, Myanmar","(23.6476085, 98.7338866404925, 0.0)",23.6476085,98.7338866404925
402,MMR015023,Konkyan,ကုန်းကြမ်း,မြို့နယ်,Township,"ကုန်းကြမ်း, 果敢自治区(ကိုးကန့်), 老街县(လောက်ကိုင်ခရိုင်), ရှမ်းပြည်နယ်မြောက်ပိုင်း, ရှမ်းပြည်နယ် Shan State, Myanmar","(23.8324005, 98.5362597, 0.0)",23.832400500000002,98.5362597
403,MMR015024,Matman,မက်မန်း,မြို့နယ်,Township,"မက်မန်း, ဝကိုယ်ပိုင်အုပ်ချုပ်ခွင့်ရတိုင်း, မက်မန်းခရိုင် Matman, ရှမ်းပြည်နယ်မြောက်ပိုင်း, ရှမ်းပြည်နယ် Shan State, Myanmar","(21.870731, 98.79429983924973, 0.0)",21.870731,98.79429983924973
404,MMR016001,Kengtung,ကျိုင်းတုံ,မြို့နယ်,Township,"ၵဵင်းတုင်, ကျိုင်းတုံခရိုင်, ရှမ်းပြည်နယ် အရှေ့ပိုင်း, ရှမ်းပြည်နယ် Shan State, Myanmar","(21.2918037, 99.6028652, 0.0)",21.2918037,99.6028652
405,MMR016002,Mongkhet,မိုင်းခတ်,မြို့နယ်,Township,"မိုင်းခတ်, ကျိုင်းတုံခရိုင်, ရှမ်းပြည်နယ် အရှေ့ပိုင်း, ရှမ်းပြည်နယ် Shan State, Wa State Northern Region, Myanmar","(21.69292385, 99.31751733618913, 0.0)",21.69292385,99.31751733618911
406,MMR016003,Mongyang,မိုင်းယန်း,မြို့နယ်,Township,"မိုင်းယန်း, ကျိုင်းတုံခရိုင်, ရှမ်းပြည်နယ် အရှေ့ပိုင်း, ရှမ်းပြည်နယ် Shan State, Wa State Northern Region, Myanmar","(21.9329082, 99.52370706860776, 0.0)",21.9329082,99.52370706860776
407,MMR016005,Mongla,မိုင်းလား,မြို့နယ်,Township,"မိုင်းလား, ကျိုင်းတုံခရိုင်, ရှမ်းပြည်နယ် အရှေ့ပိုင်း, ရှမ်းပြည်နယ် Shan State, Myanmar","(21.5469198, 99.92956480146822, 0.0)",21.5469198,99.92956480146822
408,MMR016006,Monghsat,မိုင်းဆတ်,မြို့နယ်,Township,"မိုင်းဆတ်မြို့, မိုင်းဆတ်ခရိုင်, ရှမ်းပြည်နယ် အရှေ့ပိုင်း, ရှမ်းပြည်နယ် Shan State, Myanmar","(20.535314, 99.256089, 0.0)",20.535314,99.256089
410,MMR016008,Mongton,မိုင်းတုံ,မြို့နယ်,Township,"မိူင်းတူၼ်, မိုင်းဆတ်ခရိုင်, ရှမ်းပြည်နယ် အရှေ့ပိုင်း, ရှမ်းပြည်နယ် Shan State, Myanmar","(20.296131, 98.897198, 0.0)",20.296131,98.897198
411,MMR016009,Tachileik,တာချီလိတ်,မြို့နယ်,Township,"တႃႈၶီႈလဵၵ်း, တာချီလိတ်ခရိုင်, ရှမ်းပြည်နယ် အရှေ့ပိုင်း, ရှမ်းပြည်နယ် Shan State, 57120, Myanmar","(20.4490789, 99.8842143, 0.0)",20.4490789,99.8842143
412,MMR016010,Monghpyak,မိုင်းဖြတ်,မြို့နယ်,Township,"မိူင်းၽျၢၵ်ႈ, မိုင်းဖြတ်ခရိုင်, ရှမ်းပြည်နယ် အရှေ့ပိုင်း, ရှမ်းပြည်နယ် Shan State, Myanmar","(20.8784297, 99.9255692, 0.0)",20.878429699999998,99.9255692
413,MMR016011,Mongyawng,မိုင်းယောင်း,မြို့နယ်,Township,"မိုင်းယောင်း, မိုင်းဖြတ်ခရိုင်, ရှမ်းပြည်နယ် အရှေ့ပိုင်း, ရှမ်းပြည်နယ် Shan State, Myanmar","(21.3708325, 100.56314494374516, 0.0)",21.370832500000002,100.56314494374516
414,MMR017001,Pathein,ပုသိမ်,မြို့နယ်,Township,"ပုသိမ်, Pathein, ဧရာဝတီတိုင်းဒေသကြီး, Myanmar","(16.9079855, 94.55199096551516, 0.0)",16.907985500000002,94.55199096551516
415,MMR017002,Kangyidaunt,ကန်ကြီးထောင့်,မြို့နယ်,Township,"ကန်ကြီးထောင့်, Pathein, ဧရာဝတီတိုင်းဒေသကြီး, Myanmar","(16.790438100000003, 94.88734781287103, 0.0)",16.790438100000006,94.88734781287106
416,MMR017003,Thabaung,သာပေါင်း,မြို့နယ်,Township,"သာပေါင်း, Pathein, ဧရာဝတီတိုင်းဒေသကြီး, Myanmar","(17.1807133, 94.75553704448188, 0.0)",17.1807133,94.75553704448187
417,MMR017004,Ngapudaw,ငပုတော,မြို့နယ်,Township,"ငပုတော, Pathein, ဧရာဝတီတိုင်းဒေသကြီး, Myanmar","(16.342192, 94.42019414125038, 0.0)",16.342192,94.42019414125038
418,MMR017005,Kyonpyaw,ကျုံပျော်,မြို့နယ်,Township,"ကျုံပျော်, Pathein, ဧရာဝတီတိုင်းဒေသကြီး, Myanmar","(17.3195013, 95.28611130762877, 0.0)",17.3195013,95.28611130762876
419,MMR017006,Yegyi,ရေကြည်,မြို့နယ်,Township,"ရေကြည်, Pathein, ဧရာဝတီတိုင်းဒေသကြီး, Myanmar","(17.3501109, 94.95631959426856, 0.0)",17.3501109,94.95631959426856
420,MMR017007,Kyaunggon,ကျောင်းကုန်း,မြို့နယ်,Township,"ကျောင်းကုန်း, Pathein, ဧရာဝတီတိုင်းဒေသကြီး, Myanmar","(17.05761315, 95.18773645858303, 0.0)",17.05761315,95.18773645858305
421,MMR017008,Hinthada,ဟင်္သာတ,မြို့နယ်,Township,"ဟင်္သာတ, Hinthada, ဧရာဝတီတိုင်းဒေသကြီး, Myanmar","(17.620633249999997, 95.39117494347299, 0.0)",17.620633249999994,95.39117494347299
422,MMR017009,Zalun,ဇလွန်,မြို့နယ်,Township,"ဇလွန်, Hinthada, ဧရာဝတီတိုင်းဒေသကြီး, Myanmar","(17.480958, 95.61822523083407, 0.0)",17.480957999999998,95.61822523083408
423,MMR017010,Lemyethna,လေးမျက်နှာ,မြို့နယ်,Township,"လေးမျက်နှာ, Hinthada, ဧရာဝတီတိုင်းဒေသကြီး, Myanmar","(17.60274745, 95.0002042437998, 0.0)",17.60274745,95.0002042437998
424,MMR017011,Myanaung,မြန်အောင်,မြို့နယ်,Township,"မြန်အောင်, Hinthada, ဧရာဝတီတိုင်းဒေသကြီး, Myanmar","(18.1085255, 95.14321809927287, 0.0)",18.1085255,95.14321809927289
425,MMR017012,Kyangin,ကြံခင်း,မြို့နယ်,Township,"ကြံခင်း, Hinthada, ဧရာဝတီတိုင်းဒေသကြီး, Myanmar","(18.31680815, 95.05779173258261, 0.0)",18.31680815,95.05779173258259
426,MMR017013,Ingapu,အင်္ဂပူ,မြို့နယ်,Township,"အင်္ဂပူ, Hinthada, ဧရာဝတီတိုင်းဒေသကြီး, Myanmar","(17.84032085, 95.18103278203236, 0.0)",17.84032085,95.18103278203236
427,MMR017014,Myaungmya,မြောင်းမြ,မြို့နယ်,Township,"မြောင်းမြ, Myaungmya, ဧရာဝတီတိုင်းဒေသကြီး, Myanmar","(16.53129735, 94.9138158856463, 0.0)",16.53129735,94.9138158856463
428,MMR017015,Einme,အိမ်မဲ,မြို့နယ်,Township,"အိမ်မဲ, Myaungmya, ဧရာဝတီတိုင်းဒေသကြီး, Myanmar","(16.7645637, 95.08117526827087, 0.0)",16.7645637,95.08117526827087
429,MMR017016,Labutta,လပွတ္တာ,မြို့နယ်,Township,"လပွတ္တာ, Labutta, ဧရာဝတီတိုင်းဒေသကြီး, Myanmar","(15.96214255, 94.94954345009798, 0.0)",15.96214255,94.94954345009798
430,MMR017017,Wakema,ဝါးခယ်မ,မြို့နယ်,Township,"ဝါးခယ်မ, Myaungmya, ဧရာဝတီတိုင်းဒေသကြီး, Myanmar","(16.55167495, 95.22511672911895, 0.0)",16.55167495,95.22511672911895
431,MMR017018,Mawlamyinegyun,မော်လမြိုင်ကျွန်း,မြို့နယ်,Township,"မော်လမြိုင်ကျွန်း, Labutta, ဧရာဝတီတိုင်းဒေသကြီး, Myanmar","(16.3527339, 95.25289907403995, 0.0)",16.3527339,95.25289907403996
432,MMR017019,Maubin,မအူပင်,မြို့နယ်,Township,"မအူပင်, Maubin, ဧရာဝတီတိုင်းဒေသကြီး, 10181, Myanmar","(16.7061423, 95.6326346472973, 0.0)",16.7061423,95.63263464729731
433,MMR017020,Pantanaw,ပန်းတနော်,မြို့နယ်,Township,"ပန်းတနော်, Maubin, ဧရာဝတီတိုင်းဒေသကြီး, 10171, Myanmar","(16.98973975, 95.37284789032651, 0.0)",16.98973975,95.37284789032653
434,MMR017021,Nyaungdon,ညောင်တုန်း,မြို့နယ်,Township,"ညောင်တုန်း, Maubin, ဧရာဝတီတိုင်းဒေသကြီး, Myanmar","(17.0326858, 95.68513430684948, 0.0)",17.0326858,95.68513430684948
435,MMR017022,Danubyu,ဓနုဖြူ,မြို့နယ်,Township,"ဓနုဖြူ, Maubin, ဧရာဝတီတိုင်းဒေသကြီး, Myanmar","(17.242142049999998, 95.55412064155878, 0.0)",17.242142049999998,95.55412064155878
436,MMR017023,Pyapon,ဖျာပုံ,မြို့နယ်,Township,"ဖျာပုံ, Pyapon, ဧရာဝတီတိုင်းဒေသကြီး, Myanmar","(16.06170115, 95.64946899727501, 0.0)",16.06170115,95.64946899727501
437,MMR017024,Bogale,ဘိုကလေး,မြို့နယ်,Township,"ဘိုကလေး, Pyapon, ဧရာဝတီတိုင်းဒေသကြီး, Myanmar","(16.128179600000003, 95.45073234148815, 0.0)",16.128179600000006,95.45073234148815
438,MMR017025,Kyaiklat,ကျိုက်လတ်,မြို့နယ်,Township,"ကျိုက်လတ်, Pyapon, ဧရာဝတီတိုင်းဒေသကြီး, Myanmar","(16.506579, 95.65118257807637, 0.0)",16.506579000000002,95.65118257807636
439,MMR017026,Dedaye,ဒေးဒရဲ,မြို့နယ်,Township,"ဒေးဒရဲ, Pyapon, ဧရာဝတီတိုင်းဒေသကြီး, 10261, Myanmar","(16.3048976, 95.79808923579134, 0.0)",16.3048976,95.79808923579134
440,MMR018001,Zay Yar Thi Ri,ဇေယျာသီရိ,မြို့နယ်,Township,"ဇေယျာသီရိ, ဥတ္တရခရိုင်, နေပြည်တော် ပြည်ထောင်စုနယ်မြ, 15013, Myanmar","(19.862, 96.309, 0.0)",19.862000000000002,96.309
441,MMR018002,Za Bu Thi Ri,ဇမ္ဗူသီရိ,မြို့နယ်,Township,"ဇမ္ဗူသီရိ, ဒက္ခိဏခရိုင်, နေပြည်တော် ပြည်ထောင်စုနယ်မြ, 15011, Myanmar","(19.764, 96.061, 0.0)",19.764,96.061
442,MMR018003,Tatkon,တပ်ကုန်း,မြို့နယ်,Township,"တပ်ကုန်း, ဓနုကိုယ်ပိုင်အုပ်ချုပ်ခွင့်ရဒေသ, တောင်ကြီးခရိုင, ရှမ်းပြည်နယ်တောင်ပိုင်း, ရှမ်းပြည်နယ် Shan State, Myanmar","(21.09828, 96.509819, 0.0)",21.09828,96.509819
443,MMR018004,Det Khi Na Thi Ri,ဒက္ခိဏသီရိ,မြို့နယ်,Township,"ဒက္ခိဏသီရိ, ဒက္ခိဏခရိုင်, နေပြည်တော် ပြည်ထောင်စုနယ်မြ, Myanmar","(19.719, 96.067, 0.0)",19.719,96.06700000000001
444,MMR018005,Poke Ba Thi Ri,ပုဗ္ဗသီရိ,မြို့နယ်,Township,"ပုဗ္ဗသီရိ, ဥတ္တရခရိုင်, နေပြည်တော် ပြည်ထောင်စုနယ်မြ, Myanmar","(19.806, 96.183, 0.0)",19.805999999999997,96.18299999999999
445,MMR018006,Pyinmana,ပျဉ်းမနား,မြို့နယ်,Township,"ပျဉ်းမနား, ဒက္ခိဏခရိုင်, နေပြည်တော် ပြည်ထောင်စုနယ်မြ, 100604, Myanmar","(19.738964, 96.2088371, 0.0)",19.738964000000003,96.2088371
446,MMR018007,Lewe,လယ်ဝေး,မြို့နယ်,Township,"လယ်ဝေး, ဒက္ခိဏခရိုင်, နေပြည်တော် ပြည်ထောင်စုနယ်မြ, 095, Myanmar","(19.63467, 96.110069, 0.0)",19.63467,96.110069
447,MMR018008,Oke Ta Ra Thi Ri,ဥတ္တရသီရိ,မြို့နယ်,Township,"ဥတ္တရသီရိ, ဥတ္တရခရိုင်, နေပြည်တော် ပြည်ထောင်စုနယ်မြ, Myanmar","(19.891, 96.043, 0.0)",19.891,96.04299999999999
