,pcode,area_name_en,area_name_mm,area_type_mm,area_type_en,location,point,latitude,longitude
448,MMR001001701,Myitkyina Town,မြစ်ကြီးနား,မြို့,Town,"မြစ်ကြီးနား, မြစ်ကြီးနားခရိုင်, ကချင်ပြည်နယ် (Kachin), Myanmar","(25.3833313, 97.3999925, 0.0)",25.3833313,97.39999250000001
449,MMR001001702,Sinbo Town,ဆင်ဘို,မြို့,Town,"ဆင်ဘို, မြစ်ကြီးနားခရိုင်, ကချင်ပြည်နယ် (Kachin), Myanmar","(24.779234, 97.039169, 0.0)",24.779234,97.039169
450,MMR001002701,Waingmaw Town,ဝိုင်းမော်,မြို့,Town,"ဝိုင်းမော်, မြစ်ကြီးနားခရိုင်, ကချင်ပြည်နယ် (Kachin), Myanmar","(25.3537725, 97.4440251, 0.0)",25.3537725,97.44402509999999
451,MMR001002702,Sadung Town,ဆဒုံး,မြို့,Town,"ဆဒုံး, မြစ်ကြီးနားခရိုင်, ကချင်ပြည်နယ် (Kachin), Myanmar","(25.3962189, 97.8984954, 0.0)",25.396218899999997,97.8984954
452,MMR001002703,Kan Paik Ti Town,ကန်ပိုက်တီ,မြို့,Town,"ကန်ပိုက်တီ, မြစ်ကြီးနားခရိုင်, ကချင်ပြည်နယ် (Kachin), Myanmar","(25.4058664, 98.1181275, 0.0)",25.4058664,98.1181275
453,MMR001003701,Injangyang Town,အင်ဂျန်းယန်,မြို့,Town,"အင်ဂျန်းယန်, မြစ်ကြီးနားခရိုင်, ကချင်ပြည်နယ် (Kachin), Myanmar","(25.8303708, 97.728043, 0.0)",25.8303708,97.728043
454,MMR001004701,Tanai Town,တနိုင်း,မြို့,Town,"တနိုင်း, မြစ်ကြီးနားခရိုင်, ကချင်ပြည်နယ် (Kachin), Myanmar","(26.403813800000002, 96.60279485997367, 0.0)",26.4038138,96.60279485997368
455,MMR001004702,Shin Bway Yang Town,ရှင်ဗွေယန်,မြို့,Town,"ရှင်ဗွေယန်, မြစ်ကြီးနားခရိုင်, ကချင်ပြည်နယ် (Kachin), Myanmar","(26.69478, 96.2094, 0.0)",26.694779999999998,96.2094
456,MMR001005701,Chipwi Town,ချီဖွေ,မြို့,Town,"ချီဖွေ, မြစ်ကြီးနားခရိုင်, ကချင်ပြည်နယ် (Kachin), Myanmar","(25.885789, 98.1305242, 0.0)",25.885789000000003,98.13052420000001
458,MMR001006701,Tsawlaw Town,ဆော့လော်,မြို့,Town,"ဆော့လော်, မြစ်ကြီးနားခရိုင်, ကချင်ပြည်နယ် (Kachin), Myanmar","(26.1537756, 98.2711332, 0.0)",26.153775600000003,98.27113320000001
459,MMR001007701,Mohnyin Town,မိုးညှင်း,မြို့,Town,"မိုးညှင်း, မိုးညှင်းခရိုင်, ကချင်ပြည်နယ် (Kachin), Myanmar","(24.779057, 96.373198, 0.0)",24.779057,96.373198
460,MMR001007702,Hopin Town,ဟိုပင်,မြို့,Town,"ဟိုပင်, မိုးညှင်းခရိုင်, ကချင်ပြည်နယ် (Kachin), Myanmar","(24.9916524, 96.528316, 0.0)",24.991652399999996,96.528316
461,MMR001007703,Inn Taw Gyi Town,အင်းတော်ကြီး,မြို့,Town,"အင်းတော်ကြီး, ဖားကန့် - မိုးညှင်း လမ်း, Nyaung bin, မိုးညှင်းခရိုင်, ကချင်ပြည်နယ် (Kachin), Myanmar","(25.153091449999998, 96.33671081356349, 0.0)",25.15309145,96.33671081356349
464,MMR001008701,Mogaung Town,မိုးကောင်း,မြို့,Town,"မိုးကောင်း, မိုးညှင်းခရိုင်, ကချင်ပြည်နယ် (Kachin), ၁၁၀၂, Myanmar","(25.3018588, 96.9416995, 0.0)",25.3018588,96.9416995
465,MMR001008702,Nammatee Town,နမ္မတီး,မြို့,Town,"နမ္မတီး, မိုးညှင်းခရိုင်, ကချင်ပြည်နယ် (Kachin), Myanmar","(25.3685481, 97.0081159, 0.0)",25.3685481,97.0081159
466,MMR001009701,Hpakant Town,ဖားကန့်,မြို့,Town,"ဖားကန့်, မိုးညှင်းခရိုင်, ကချင်ပြည်နယ် (Kachin), 1161, Myanmar","(25.6123483, 96.3125388, 0.0)",25.6123483,96.3125388
467,MMR001009702,Kamaing Town,ကာမိုင်း,မြို့,Town,"ကာမိုင်း, မိုးညှင်းခရိုင်, ကချင်ပြည်နယ် (Kachin), Myanmar","(25.522595, 96.711534, 0.0)",25.522595000000003,96.711534
468,MMR001010701,Bhamo Town,ဗန်းမော်,မြို့,Town,"ဗန်းမော်, ဗန်းမော်ခရိုင်, ကချင်ပြည်နယ် (Kachin), 074, Myanmar","(24.266667, 97.233333, 0.0)",24.266667,97.233333
469,MMR001011701,Shwegu Town,ရွှေကူ,မြို့,Town,"ရွှေကူ, ဗန်းမော်ခရိုင်, ကချင်ပြည်နယ် (Kachin), Myanmar","(24.2278257, 96.7874052, 0.0)",24.227825699999997,96.78740520000001
470,MMR001011702,Myo Hla Town,မြို့လှ,မြို့,Town,"မြို့လှ, ဗန်းမော်ခရိုင်, ကချင်ပြည်နယ် (Kachin), Myanmar","(24.479419, 96.632228, 0.0)",24.479419,96.632228
471,MMR001012701,Momauk Town,မိုးမောက်,မြို့,Town,"မိုးမောက်, ဗန်းမော်ခရိုင်, ကချင်ပြည်နယ် (Kachin), Myanmar","(24.2493952, 97.3459136, 0.0)",24.2493952,97.34591359999999
472,MMR001012702,Lwegel Town,လွယ်ဂျယ်,မြို့,Town,"လွယ်ဂျယ်, ဗန်းမော်ခရိုင်, ကချင်ပြည်နယ် (Kachin), Myanmar","(24.2001166, 97.7232522, 0.0)",24.2001166,97.7232522
473,MMR001012703,Dawthponeyan Town,ဒေါ့ဖုန်းယန်,မြို့,Town,"ဒေါ့ဖုန်းယန်, ဗန်းမော်ခရိုင်, ကချင်ပြည်နယ် (Kachin), Myanmar","(24.6157413, 97.4623535, 0.0)",24.6157413,97.4623535
474,MMR001013701,Mansi Town,မံစီ,မြို့,Town,"မံစီ, ဗန်းမော်ခရိုင်, ကချင်ပြည်နယ် (Kachin), Myanmar","(23.9183825, 97.29555023001953, 0.0)",23.9183825,97.29555023001951
475,MMR001014701,Puta-O Town,ပူတာအို,မြို့,Town,"ပူတာအို, ပူတာအိုခရိုင်, ကချင်ပြည်နယ် (Kachin), 01051, Myanmar","(27.3097462, 97.4173317, 0.0)",27.3097462,97.4173317
476,MMR001015701,Sumprabum Town,ဆွမ်ပရာဘွမ်,မြို့,Town,"ဆွမ်ပရာဘွမ်, ပူတာအိုခရိုင်, ကချင်ပြည်နယ် (Kachin), Myanmar","(26.5448191, 97.5683626, 0.0)",26.544819099999998,97.56836259999999
477,MMR001016701,Machanbaw Town,မချမ်းဘော,မြို့,Town,"မချမ်းဘော, ပူတာအိုခရိုင်, ကချင်ပြည်နယ် (Kachin), Myanmar","(27.2821236, 97.5895433, 0.0)",27.282123600000002,97.5895433
478,MMR001017701,Nawngmun Town,နောင်မွန်း,မြို့,Town,"နောင်မွန်း, ပူတာအိုခရိုင်, ကချင်ပြည်နယ် (Kachin), Myanmar","(27.5065429, 97.8143815, 0.0)",27.5065429,97.8143815
479,MMR001017702,Pannandin Town,ပန်နန်းဒင်,မြို့,Town,"ပန်နန်းဒင်, ပူတာအိုခရိုင်, ကချင်ပြည်နယ် (Kachin), Myanmar","(27.7281949, 97.8766825, 0.0)",27.728194899999995,97.8766825
480,MMR001018701,Khaunglanhpu Town,ခေါင်လန်ဖူး,မြို့,Town,"ခေါင်လန်ဖူး, ပူတာအိုခရိုင်, ကချင်ပြည်နယ် (Kachin), Myanmar","(27.061073, 98.3599129, 0.0)",27.061072999999997,98.35991290000001
481,MMR002001701,Loikaw Town,လွိုင်ကော်,မြို့,Town,"လွိုင်ကော်, လွိုင်ကော်‌ခရိုင, ကယားပြည်နယ်‌ (Kayah), Myanmar","(19.674167, 97.2094441, 0.0)",19.674167,97.2094441
483,MMR002002701,Demoso Town,ဒီးမော့ဆို,မြို့,Town,"ဒီးမော့ဆို, လွိုင်ကော်‌ခရိုင, ကယားပြည်နယ်‌ (Kayah), Myanmar","(19.45763175, 97.2828233062694, 0.0)",19.45763175,97.28282330626939
485,MMR002003701,Hpruso Town,ဖရူဆို,မြို့,Town,"ဖရူဆို, လွိုင်ကော်‌ခရိုင, ကယားပြည်နယ်‌ (Kayah), 100101, Myanmar","(19.413286, 97.122673, 0.0)",19.413286,97.12267299999999
486,MMR002004701,Shadaw Town,ရှားတော,မြို့,Town,"ရှားတော, ဥတ္တရခရိုင်, နေပြည်တော် ပြည်ထောင်စုနယ်မြ, Myanmar","(20.105061, 96.166191, 0.0)",20.105061,96.166191
487,MMR002005701,Bawlake Town,ဘောလခဲ,မြို့,Town,"ဘောလခဲ, ဘော်လခဲခရိုင, ကယားပြည်နယ်‌ (Kayah), Myanmar","(19.1710509, 97.3421041, 0.0)",19.171050899999997,97.3421041
488,MMR002005702,Ywarthit Town,ရွာသစ်,မြို့,Town,"ရွာသစ်, ဘော်လခဲခရိုင, ကယားပြည်နယ်‌ (Kayah), Myanmar","(19.166731, 97.499496, 0.0)",19.166731,97.499496
490,MMR002007701,Mese Town,မယ်စဲ,မြို့,Town,"မယ်စဲ, ဘော်လခဲခရိုင, ကယားပြည်နယ်‌ (Kayah), Myanmar","(18.7451515, 97.5431188409926, 0.0)",18.745151500000002,97.54311884099259
491,MMR003001701,Hpa-An Town,ဘားအံ,မြို့,Town,"ဘားအံ, ဘားအံခရိုင်, ကရင်ပြည်နယ် (Kayin), Myanmar","(16.8902634, 97.6362745, 0.0)",16.8902634,97.6362745
492,MMR003002701,Hlaingbwe Town,လှိုင်းဘွဲ့,မြို့,Town,"လှိုင်းဘွဲ့, ဘားအံခရိုင်, ကရင်ပြည်နယ် (Kayin), Myanmar","(17.1251593, 97.8190019, 0.0)",17.1251593,97.8190019
493,MMR003002702,Paingkyon Town,ပိုင်ကျုံ,မြို့,Town,"ပိုင်ကျုံ, ဘားအံခရိုင်, ကရင်ပြည်နယ် (Kayin), Myanmar","(17.0217676, 97.9866681, 0.0)",17.0217676,97.9866681
494,MMR003002703,Shan Ywar Thit Town,ရှမ်းရွာသစ်,မြို့,Town,"ရှမ်းရွာသစ်, ဘားအံခရိုင်, ကရင်ပြည်နယ် (Kayin), Myanmar","(17.42438, 97.887784, 0.0)",17.42438,97.887784
495,MMR003003701,Hpapun Town,ဖာပွန်,မြို့,Town,"ဖာပွန်, ဖာပွန်ခရိုင်, ကရင်ပြည်နယ် (Kayin), Myanmar","(18.06496, 97.444878, 0.0)",18.06496,97.444878
496,MMR003003702,Kamarmaung Town,ကမမောင်း,မြို့,Town,"ကမမောင်း, ဖာပွန်ခရိုင်, ကရင်ပြည်နယ် (Kayin), Myanmar","(17.346884, 97.652899, 0.0)",17.346884,97.652899
497,MMR003004701,Thandaunggyi Town,သံတောင်ကြီး,မြို့,Town,"သံတောင်ကြီး, ဘားအံခရိုင်, ကရင်ပြည်နယ် (Kayin), Myanmar","(19.0545611, 96.74071154035488, 0.0)",19.0545611,96.74071154035488
498,MMR003004702,Thandaung Town,သံတောင်,မြို့,Town,"Than Taung, ပြင်ဦးလွင်ခရိုင်, မန္တလေးတိုင်း, Myanmar","(21.7979498, 96.4192383, 0.0)",21.7979498,96.41923829999999
499,MMR003004703,Leik Tho Town,လိပ်သို,မြို့,Town,"လိပ်သို, ဘားအံခရိုင်, ကရင်ပြည်နယ် (Kayin), Myanmar","(19.222353, 96.580974, 0.0)",19.222353,96.580974
500,MMR003004704,Baw Ga Li Town,ဘောဂလိ,မြို့,Town,"ဘောဂလိ, ဘားအံခရိုင်, ကရင်ပြည်နယ် (Kayin), Myanmar","(18.914513, 96.785645, 0.0)",18.914513,96.785645
501,MMR003005701,Myawaddy Town,မြဝတီ,မြို့,Town,"မြဝတီ, မြဝတီခရိုင်, ကရင်ပြည်နယ် (Kayin), 13052, Myanmar","(16.6871674, 98.507114, 0.0)",16.6871674,98.507114
502,MMR003005702,Su Ka Li Town,စုကလိ,မြို့,Town,"စုကလိ, မြဝတီခရိုင်, ကရင်ပြည်နယ် (Kayin), Myanmar","(16.155241, 98.5958167, 0.0)",16.155241,98.5958167
503,MMR003005703,Waw Lay Myaing (Waw Lay) Town,​ဝေါလေမြိုင်(ဝေါလေ),မြို့,Town,"ဝေါလေမြိုင်, မြဝတီခရိုင်, ကရင်ပြည်နယ် (Kayin), Myanmar","(16.293922, 98.713243, 0.0)",16.293922,98.713243
504,MMR003006701,Kawkareik Town,ကော့ကရိတ်,မြို့,Town,"ကော့ကရိတ်, ကော့ကရိတ်ခရိုင်, ကရင်ပြည်နယ် (Kayin), Myanmar","(16.555531, 98.23996, 0.0)",16.555531,98.23996
505,MMR003006702,Kyondoe Town,ကျုံဒိုး,မြို့,Town,"ကျုံဒိုး, ကော့ကရိတ်ခရိုင်, ကရင်ပြည်နယ် (Kayin), Myanmar","(16.594461, 98.043526, 0.0)",16.594461,98.043526
506,MMR003007701,Kyainseikgyi Town,ကြာအင်းဆိပ်ကြီး,မြို့,Town,"ကြာအင်းဆိပ်ကြီး, ကော့ကရိတ်ခရိုင်, ကရင်ပြည်နယ် (Kayin), 170757, Myanmar","(16.0413857, 98.1209715, 0.0)",16.0413857,98.1209715
507,MMR003007702,Hpayarthonesu Town,ဘုရားသုံးဆူ,မြို့,Town,"ဘုရားသုံးဆူ, ကော့ကရိတ်ခရိုင်, ကရင်ပြည်နယ် (Kayin), Myanmar","(15.3040495, 98.3818582, 0.0)",15.3040495,98.38185820000001
508,MMR003007703,Kyaikdon Town,ကျိုက်ဒုံ,မြို့,Town,"ကျိုက်ဒုံ, ကော့ကရိတ်ခရိုင်, ကရင်ပြည်နယ် (Kayin), Myanmar","(16.0028042, 98.393413, 0.0)",16.0028042,98.393413
509,MMR004001701,Falam Town,ဖလမ်း,မြို့,Town,"ဖလမ်း, ဖလမ်းခရိုင်, ချင်းပြည်နယ်‌, Myanmar","(22.9139433, 93.6790091, 0.0)",22.913943300000003,93.67900909999999
510,MMR004001702,Rihkhawdar Town,ရိခေါ်ဒါရ်,မြို့,Town,"ရိခေါ်ဒါရ်, ဖလမ်းခရိုင်, ချင်းပြည်နယ်‌, Myanmar","(23.3632468, 93.3898227, 0.0)",23.3632468,93.38982270000001
511,MMR004001703,Webula Town,ဝေဘူလ,မြို့,Town,"ဝေဘူလ, သံသုမာလမ်း, Mya Kha Housing, သင်္ဃန်းကျွန်း, Eastern District, ရန်ကုန်တိုင်းဒေသကြီး, 1171, Myanmar","(16.8301802, 96.2080749, 0.0)",16.8301802,96.20807490000001
512,MMR004002701,Hakha Town,ဟားခါး,မြို့,Town,"ဟားခါး, ဟားခါးခရိုင်, ချင်းပြည်နယ်‌, 03011, Myanmar","(22.6427551, 93.6096217, 0.0)",22.642755100000002,93.6096217
514,MMR004003701,Thantlang Town,ထန်တလန်,မြို့,Town,"ထန်တလန်, ဟားခါးခရိုင်, ချင်းပြည်နယ်‌, Myanmar","(22.69843, 93.4278, 0.0)",22.69843,93.4278
516,MMR004004701,Tedim Town,တီးတိန်,မြို့,Town,"တီးတိန်, ဖလမ်းခရိုင်, ချင်းပြည်နယ်‌, 03042, Myanmar","(23.3717349, 93.655654, 0.0)",23.3717349,93.655654
519,MMR004005702,Cikha Town,ကျီခါး,မြို့,Town,"ကျီခါး, ဖလမ်းခရိုင်, ချင်းပြည်နယ်‌, Myanmar","(23.889757, 93.53347, 0.0)",23.889757,93.53347
520,MMR004006701,Mindat Town,မင်းတပ်,မြို့,Town,"မင်းတပ်, မင်းတပ်ခရိုင်, ချင်းပြည်နယ်‌, Myanmar","(21.371757, 93.973654, 0.0)",21.371757000000002,93.97365400000001
521,MMR004006702,M'kuiimnu Town,မကွီအိမ်နူး,မြို့,Town,"မကွီအိမ်နူး, မင်းတပ်ခရိုင်, ချင်းပြည်နယ်‌, Myanmar","(21.1730681, 93.5973939, 0.0)",21.173068100000002,93.5973939
522,MMR004007701,Matupi Town,မတူပီ,မြို့,Town,"မတူပီ, မင်းတပ်ခရိုင်, ချင်းပြည်နယ်‌, Myanmar","(21.596511, 93.444026, 0.0)",21.596511,93.44402600000001
523,MMR004007702,Rezua Town,ရေဇွာ,မြို့,Town,"ရေဇွာ, မင်းတပ်ခရိုင်, ချင်းပြည်နယ်‌, Myanmar","(22.052887, 93.408569, 0.0)",22.052887,93.408569
525,MMR004008701,Kanpetlet Town,ကန်ပက်လက်,မြို့,Town,"ကန်ပက်လက်, မင်းတပ်ခရိုင်, ချင်းပြည်နယ်‌, Myanmar","(21.1933082, 94.0586224, 0.0)",21.1933082,94.0586224
527,MMR004009701,Paletwa Town,ပလက်ဝ,မြို့,Town,"ပလက်ဝ, မင်းတပ်ခရိုင်, ချင်းပြည်နယ်‌, Myanmar","(21.3064037, 92.8538238, 0.0)",21.306403699999997,92.8538238
528,MMR004009702,Samee Town,ဆမီး,မြို့,Town,"ဆမီး, မင်းတပ်ခရိုင်, ချင်းပြည်နယ်‌, Myanmar","(21.2929285, 93.0961863, 0.0)",21.2929285,93.0961863
529,MMR005001701,Sagaing Town,စစ်ကိုင်း,မြို့,Town,"စစ်ကိုင်း, စစ်ကိုင်းခရိုင်, စစ်ကိုင်းတိုင်း (Sagaing), Myanmar","(21.8774215, 95.9839956, 0.0)",21.8774215,95.98399559999999
530,MMR005001702,Sar Taung Town,ဆားတောင်,မြို့,Town,"ဆားတောင်, မိတ္ထီလာခရိုင်, မန္တလေးတိုင်း, Myanmar","(21.390612, 96.0924771, 0.0)",21.390612,96.0924771
531,MMR005002701,Myinmu Town,မြင်းမူ,မြို့,Town,"မြင်းမူ, စစ်ကိုင်းခရိုင်, စစ်ကိုင်းတိုင်း (Sagaing), Myanmar","(21.92514, 95.575851, 0.0)",21.92514,95.575851
532,MMR005003701,Myaung Town,မြောင်,မြို့,Town,"မြောင်, စစ်ကိုင်းခရိုင်, စစ်ကိုင်းတိုင်း (Sagaing), Myanmar","(21.833411, 95.42128, 0.0)",21.833410999999998,95.42128000000001
533,MMR005004701,Shwebo Town,ရွှေဘို,မြို့,Town,"ရွှေဘို, ရွှေဘိုခရိုင်, စစ်ကိုင်းတိုင်း (Sagaing), Myanmar","(22.5666618, 95.6999989, 0.0)",22.566661800000002,95.69999890000001
534,MMR005004702,Kyauk Myaung Town,​ကျောက်မြောင်း,မြို့,Town,"ကျောက်မြောင်း, ကျောက်ဖြူခရိုင်, ရခိုင်ပြည်နယ် (Rakhine), Myanmar","(19.43004, 93.892929, 0.0)",19.430039999999998,93.89292900000001
535,MMR005005701,Khin-U Town,ခင်ဦး,မြို့,Town,"ခင်ဦး, ရွှေဘိုခရိုင်, စစ်ကိုင်းတိုင်း (Sagaing), Myanmar","(22.771583, 95.6217428, 0.0)",22.771583,95.62174279999999
536,MMR005006701,Wetlet Town,ဝက်လက်,မြို့,Town,"ဝက်လက်, ရွှေဘိုခရိုင်, စစ်ကိုင်းတိုင်း (Sagaing), Myanmar","(22.3680785, 95.7880232, 0.0)",22.3680785,95.78802320000001
537,MMR005007701,Kanbalu Town,ကန့်ဘလူ,မြို့,Town,"ကန့်ဘလူ, စစ်ကိုင်းတိုင်း (Sagaing), Myanmar","(23.27235795, 95.40190856658666, 0.0)",23.27235795,95.40190856658664
538,MMR005007702,Zee Kone Town,ဇီးကုန်း,မြို့,Town,"ဇီးကုန်း, Thaton District, Mon, Myanmar","(17.5664929, 97.2536863, 0.0)",17.566492899999997,97.2536863
539,MMR005008701,Kyunhla Town,ကျွန်းလှ,မြို့,Town,"ကျွန်းလှ, ကျွန်းစု, Myeik District, Tanintharyi Region, Myanmar","(12.2070692, 98.14151920028337, 0.0)",12.2070692,98.14151920028335
540,MMR005009701,Ye-U Town,ရေဦး,မြို့,Town,"ရေဦး, ကန့်ဘလူ, စစ်ကိုင်းတိုင်း (Sagaing), Myanmar","(22.85732055, 95.03007476076434, 0.0)",22.85732055,95.03007476076435
541,MMR005010701,Tabayin Town,ဒီပဲယင်း,မြို့,Town,"ဒီပဲယင်း, ရွှေဘိုခရိုင်, စစ်ကိုင်းတိုင်း (Sagaing), Myanmar","(22.685286, 95.321213, 0.0)",22.685285999999998,95.321213
543,MMR005011701,Taze Town,တန့်ဆည်,မြို့,Town,"အထက တန့်ဆည်, ခရိုင်ချင်းဆက်လမ်းမကြိး, အက်တေားကျေးရွာ, ကန့်ဘလူ, စစ်ကိုင်းတိုင်း (Sagaing), Myanmar","(22.94774425, 95.40061675770531, 0.0)",22.94774425,95.40061675770531
544,MMR005012701,Monywa Town,မုံရွာ,မြို့,Town,"မုံရွာ, မုံရွာခရိုင်, စစ်ကိုင်းတိုင်း (Sagaing), Myanmar","(22.1182175, 95.1324747, 0.0)",22.1182175,95.1324747
545,MMR005013701,Budalin Town,ဘုတလင်,မြို့,Town,"ဘုတလင်, မုံရွာခရိုင်, စစ်ကိုင်းတိုင်း (Sagaing), Myanmar","(22.3871145, 95.1436405, 0.0)",22.3871145,95.1436405
546,MMR005014701,Ayadaw Town,အရာတော်,မြို့,Town,"အရာတော်, မုံရွာခရိုင်, စစ်ကိုင်းတိုင်း (Sagaing), Myanmar","(22.28525, 95.450677, 0.0)",22.28525,95.450677
547,MMR005015701,Chaung-U Town,ချောင်းဦး,မြို့,Town,"ချောင်းဦး, မုံရွာခရိုင်, စစ်ကိုင်းတိုင်း (Sagaing), Myanmar","(21.95693, 95.273628, 0.0)",21.95693,95.273628
548,MMR005016701,Yinmarbin Town,ယင်းမာပင်,မြို့,Town,"ယင်းမာပင်, ယင်းမာပင်ခရိုင်, စစ်ကိုင်းတိုင်း (Sagaing), Myanmar","(22.077789, 94.900139, 0.0)",22.077789000000003,94.900139
549,MMR005017701,Kani Town,ကနီ,မြို့,Town,"ကနီ, ယင်းမာပင်ခရိုင်, စစ်ကိုင်းတိုင်း (Sagaing), Myanmar","(22.43291, 94.848469, 0.0)",22.43291,94.848469
550,MMR005018701,Salingyi Town,ဆားလင်းကြီး,မြို့,Town,"ဆားလင်းကြီး, ယင်းမာပင်ခရိုင်, စစ်ကိုင်းတိုင်း (Sagaing), Myanmar","(21.9724628, 95.0801873, 0.0)",21.9724628,95.0801873
551,MMR005019701,Pale Town,ပုလဲ,မြို့,Town,"ပုလဲ, ယင်းမာပင်ခရိုင်, စစ်ကိုင်းတိုင်း (Sagaing), Myanmar","(21.933992, 94.874673, 0.0)",21.933992,94.874673
552,MMR005020701,Katha Town,ကသာ,မြို့,Town,"ကသာ, ကသာခရိုင်, စစ်ကိုင်းတိုင်း (Sagaing), 50204, Myanmar","(24.1716852, 96.3430992, 0.0)",24.1716852,96.34309920000001
553,MMR005021701,Indaw Town,အင်းတော်,မြို့,Town,"အင်းတော်, ကသာခရိုင်, စစ်ကိုင်းတိုင်း (Sagaing), Myanmar","(24.222515, 96.14167, 0.0)",24.222514999999998,96.14166999999999
555,MMR005022701,Tigyaing Town,ထီးချိုင့်,မြို့,Town,"ထီးချိုင့်, ကသာခရိုင်, စစ်ကိုင်းတိုင်း (Sagaing), Myanmar","(23.7528084, 96.1463674, 0.0)",23.752808399999996,96.14636740000002
556,MMR005023701,Banmauk Town,ဗန်းမောက်,မြို့,Town,"ဗန်းမောက်, ကသာခရိုင်, စစ်ကိုင်းတိုင်း (Sagaing), Myanmar","(24.4004115, 95.8561039, 0.0)",24.4004115,95.85610390000001
557,MMR005024701,Kawlin Town,ကောလင်း,မြို့,Town,"ကောလင်း, ကသာခရိုင်, စစ်ကိုင်းတိုင်း (Sagaing), Myanmar","(23.794277, 95.6780844, 0.0)",23.794276999999997,95.6780844
558,MMR005025701,Wuntho Town,ဝန်းသို,မြို့,Town,"ဝန်းသို, ကသာခရိုင်, စစ်ကိုင်းတိုင်း (Sagaing), Myanmar","(23.8989024, 95.6855946, 0.0)",23.898902399999997,95.6855946
559,MMR005026701,Pinlebu Town,ပင်လည်ဘူး,မြို့,Town,"ပင်လည်ဘူး, ကသာခရိုင်, စစ်ကိုင်းတိုင်း (Sagaing), Myanmar","(24.0904272, 95.3811532, 0.0)",24.0904272,95.3811532
560,MMR005027701,Kale Town,ကလေး,မြို့,Town,"ကလေး, ကလေးခရိုင်, စစ်ကိုင်းတိုင်း (Sagaing), 50501, Myanmar","(23.195728, 94.0158882, 0.0)",23.195728,94.01588819999999
561,MMR005028701,Kalewa Town,ကလေးဝ,မြို့,Town,"ကလေးဝ, ကလေးခရိုင်, စစ်ကိုင်းတိုင်း (Sagaing), Myanmar","(23.1986756, 94.3007869, 0.0)",23.1986756,94.3007869
562,MMR005029701,Mingin Town,မင်းကင်း,မြို့,Town,"မင်းကင်း, ကလေးခရိုင်, စစ်ကိုင်းတိုင်း (Sagaing), Myanmar","(22.877808, 94.494197, 0.0)",22.877807999999998,94.494197
563,MMR005030701,Tamu Town,တမူး,မြို့,Town,"တမူး, တမူးခရိုင်, စစ်ကိုင်းတိုင်း (Sagaing), Myanmar","(24.2149165, 94.3031975, 0.0)",24.2149165,94.3031975
564,MMR005030702,Myothit Town,မြို့သစ်,မြို့,Town,"မြို့သစ်, ဗန်းမော်ခရိုင်, ကချင်ပြည်နယ် (Kachin), Myanmar","(24.4109379, 97.4068024, 0.0)",24.410937899999997,97.4068024
566,MMR005031701,Mawlaik Town,မော်လိုက်,မြို့,Town,"မော်လိုက်, မော်လိုက်ခရိုင်, စစ်ကိုင်းတိုင်း (Sagaing), Myanmar","(23.633333, 94.416667, 0.0)",23.633333,94.416667
567,MMR005032701,Paungbyin Town,ဖောင်းပြင်,မြို့,Town,"ဖောင်းပြင်, မော်လိုက်ခရိုင်, စစ်ကိုင်းတိုင်း (Sagaing), 02061, Myanmar","(24.1675822, 94.82962633552835, 0.0)",24.1675822,94.82962633552836
568,MMR005033701,Hkamti Town,ခန္တီး,မြို့,Town,"ခန္တီး, ခန္တီးခရိုင်, စစ်ကိုင်းတိုင်း (Sagaing), Myanmar","(26.0021393, 95.6912728, 0.0)",26.0021393,95.69127280000001
569,MMR005034701,Homalin Town,ဟုမ္မလင်း,မြို့,Town,"ဟုမ္မလင်း, ခန္တီးခရိုင်, စစ်ကိုင်းတိုင်း (Sagaing), Myanmar","(24.8688705, 94.9168779, 0.0)",24.8688705,94.9168779
570,MMR005034702,Shwe Pyi Aye Town,ရွှေပြည်အေး,မြို့,Town,"ရွှေပြည်အေး, ခန္တီးခရိုင်, စစ်ကိုင်းတိုင်း (Sagaing), Myanmar","(24.685757, 94.730367, 0.0)",24.685757000000002,94.730367
572,MMR005035701,Lay Shi Town,လေရှီး,မြို့,Town,"လေရှီး, နာဂ ကိုယ်ပိုင်အုပ်ချုပ်ခွင့်ရ ဒေသ, ခန္တီးခရိုင်, စစ်ကိုင်းတိုင်း (Sagaing), Myanmar","(25.4463832, 94.9560249, 0.0)",25.4463832,94.9560249
573,MMR005035702,Mo Paing Lut Town,မိုပိုင်းလွတ်,မြို့,Town,"မိုပိုင်းလွတ်, နာဂ ကိုယ်ပိုင်အုပ်ချုပ်ခွင့်ရ ဒေသ, ခန္တီးခရိုင်, စစ်ကိုင်းတိုင်း (Sagaing), Myanmar","(25.046708, 94.787483, 0.0)",25.046708,94.787483
574,MMR005035703,Sum Ma Rar Town,ဆွမ္မရာ,မြို့,Town,"ဆွမ္မရာ, နာဂ ကိုယ်ပိုင်အုပ်ချုပ်ခွင့်ရ ဒေသ, ခန္တီးခရိုင်, စစ်ကိုင်းတိုင်း (Sagaing), Myanmar","(25.36455, 94.68729, 0.0)",25.36455,94.68729
575,MMR005036701,Lahe Town,လဟယ်,မြို့,Town,"လဟယ်, နာဂ ကိုယ်ပိုင်အုပ်ချုပ်ခွင့်ရ ဒေသ, ခန္တီးခရိုင်, စစ်ကိုင်းတိုင်း (Sagaing), Myanmar","(26.3252881, 95.4423223, 0.0)",26.325288099999998,95.4423223
576,MMR005036702,Htan Par Kway Town,ထန်ပါခွေ,မြို့,Town,"ထန်ပါခွေ, နာဂ ကိုယ်ပိုင်အုပ်ချုပ်ခွင့်ရ ဒေသ, ခန္တီးခရိုင်, စစ်ကိုင်းတိုင်း (Sagaing), Myanmar","(25.965885, 95.241478, 0.0)",25.965885,95.241478
577,MMR005037701,Nanyun Town,နန်းယွန်း,မြို့,Town,"နန်းယွန်း, နာဂ ကိုယ်ပိုင်အုပ်ချုပ်ခွင့်ရ ဒေသ, ခန္တီးခရိုင်, စစ်ကိုင်းတိုင်း (Sagaing), Myanmar","(26.9798882, 96.1671674, 0.0)",26.979888199999998,96.16716740000001
578,MMR005037702,Pansaung Town,ပန်ဆောင်,မြို့,Town,"ပန်ဆောင်, နာဂ ကိုယ်ပိုင်အုပ်ချုပ်ခွင့်ရ ဒေသ, ခန္တီးခရိုင်, စစ်ကိုင်းတိုင်း (Sagaing), Myanmar","(27.2370074, 96.1665341, 0.0)",27.237007399999996,96.16653409999999
579,MMR005037703,Don Hee Town,ဒုံဟီး,မြို့,Town,"ဒုံဟီး, နာဂ ကိုယ်ပိုင်အုပ်ချုပ်ခွင့်ရ ဒေသ, ခန္တီးခရိုင်, စစ်ကိုင်းတိုင်း (Sagaing), Myanmar","(26.816068, 95.798842, 0.0)",26.816067999999998,95.79884200000001
580,MMR006001701,Dawei Town,ထားဝယ်,မြို့,Town,"Dawei ထားဝယ်, ကျောက်ဆည်, ကျောက်ဆည်ခရိုင်, မန္တလေးတိုင်း, 05151, Myanmar","(21.583105, 96.1519011, 0.0)",21.583105,96.15190109999999
581,MMR006001702,Myitta Town,မေတ္တာ,မြို့,Town,"မေတ္တာ, သုနန္ဒာလမ်း, မြောက်ဥက္ကလာပ, Eastern District, ရန်ကုန်တိုင်းဒေသကြီး, 491376, Myanmar","(16.9119721, 96.1729126, 0.0)",16.911972100000003,96.17291259999999
582,MMR006002701,Launglon Town,လောင်းလုံး,မြို့,Town,"လောင်းလုံး, Dawei District, Tanintharyi Region, 60102, Myanmar","(13.876935549999999, 97.89963424616315, 0.0)",13.87693555,97.89963424616316
583,MMR006003701,Thayetchaung Town,သရက်ချောင်း,မြို့,Town,"သရက်ချောင်း, Dawei District, Tanintharyi Region, Myanmar","(13.65614075, 98.42172453844316, 0.0)",13.65614075,98.42172453844316
584,MMR006004701,Yebyu Town,ရေဖြူ,မြို့,Town,"ရေဖြူ, Dawei District, Tanintharyi Region, Myanmar","(14.6360285, 98.00147291482196, 0.0)",14.6360285,98.00147291482195
585,MMR006004702,Kaleinaung Town,ကလိန်အောင်,မြို့,Town,"ကလိန်အောင်, Dawei District, Tanintharyi Region, Myanmar","(14.6239796, 98.1379479, 0.0)",14.6239796,98.1379479
586,MMR006005701,Myeik Town,မြိတ်,မြို့,Town,"မြိတ် လေဆိပ်, ကုန်းဖေါက်လမ်း Kone Phauk Road, Shwe Pay ရွေပေး, မြိတ်မြို့, Myeik District, Tanintharyi Region, 14051, Myanmar","(12.437362199999999, 98.62078837812436, 0.0)",12.4373622,98.62078837812435
587,MMR006006701,Kyunsu Town,ကျွန်းစု,မြို့,Town,"ကျွန်းစု, Myeik District, Tanintharyi Region, 63150, Myanmar","(12.1267742, 98.09774623270837, 0.0)",12.1267742,98.09774623270836
588,MMR006007701,Palaw Town,ပုလော,မြို့,Town,"ပုလော, Myeik District, Tanintharyi Region, Myanmar","(13.1117748, 98.19618266726906, 0.0)",13.111774800000003,98.19618266726906
590,MMR006007703,Pala Town,ပလ,မြို့,Town,"Pala, Meenachil, Kottayam, Kerala, 686575, India","(9.7130742, 76.6831302, 0.0)",9.7130742,76.68313020000001
591,MMR006008701,Tanintharyi Town,တနင်္သာရီ,မြို့,Town,"တနင်္သာရီ, Myeik District, Tanintharyi Region, 14071, Myanmar","(12.0911435, 99.0111487, 0.0)",12.0911435,99.0111487
592,MMR006008702,Maw Taung Town,မောတောင်,မြို့,Town,"မောတောင် Maw Taung, တနင်္သာရီ, Myeik District, Tanintharyi Region, Myanmar","(11.7958384, 99.6285973, 0.0)",11.795838400000001,99.6285973
593,MMR006009701,Kawthoung Town,ကော့သောင်း,မြို့,Town,"ကော့သောင်း, Kawthoung District, Tanintharyi Region, Myanmar","(10.1839426, 98.11827779792682, 0.0)",10.1839426,98.11827779792681
595,MMR006010701,Bokpyin Town,ဘုတ်ပြင်း,မြို့,Town,"ဘုတ်ပြင်း, Kawthoung District, Tanintharyi Region, Myanmar","(11.219682500000001, 98.31206654932451, 0.0)",11.2196825,98.31206654932451
596,MMR006010702,Pyigyimandaing Town,ပြည်ကြီးမဏ္ဍိုင်,မြို့,Town,"ပြည်ကြီးမဏ္ဍိုင်, Kawthoung District, Tanintharyi Region, Myanmar","(11.4722501, 99.0024803, 0.0)",11.472250099999998,99.0024803
598,MMR007001701,Bago Town,ပဲခူး,မြို့,Town,"ပဲခူး, ပဲခူးခရိုင်, ပဲခူးတိုင်းဒေသကြီး အရှေ့ခြမ်း, ပဲခူးတိုင်းဒေသကြီး (Bago), Myanmar","(17.336667, 96.479722, 0.0)",17.336667000000002,96.479722
599,MMR007001702,Hpayargyi Town,ဘုရားကြီး,မြို့,Town,"ဘုရားကြီး, ပဲခူးခရိုင်, ပဲခူးတိုင်းဒေသကြီး အရှေ့ခြမ်း, ပဲခူးတိုင်းဒေသကြီး (Bago), 08013, Myanmar","(17.4743026, 96.5249877, 0.0)",17.4743026,96.5249877
600,MMR007001703,Inntakaw Town,အင်းတကော်,မြို့,Town,"အင်းတကော်, ပဲခူးခရိုင်, ပဲခူးတိုင်းဒေသကြီး အရှေ့ခြမ်း, ပဲခူးတိုင်းဒေသကြီး (Bago), Myanmar","(17.180867, 96.376365, 0.0)",17.180867000000003,96.376365
601,MMR007002701,Thanatpin Town,သနပ်ပင်,မြို့,Town,"Tha Nat Pin သနပ်ပင်, ကျောက်ဆည်ခရိုင်, မန္တလေးတိုင်း, Myanmar","(21.8085443, 96.0825663, 0.0)",21.8085443,96.0825663
602,MMR007003701,Kawa Town,ကဝ,မြို့,Town,"ကဝ, ပဲခူးခရိုင်, ပဲခူးတိုင်းဒေသကြီး အရှေ့ခြမ်း, ပဲခူးတိုင်းဒေသကြီး (Bago), Myanmar","(17.0891732, 96.4603044, 0.0)",17.089173199999998,96.46030440000001
603,MMR007003702,Thetkala Town,သက္ကလ,မြို့,Town,"သက္ကလ, ပဲခူးခရိုင်, ပဲခူးတိုင်းဒေသကြီး အရှေ့ခြမ်း, ပဲခူးတိုင်းဒေသကြီး (Bago), Myanmar","(17.02939, 96.59657, 0.0)",17.02939,96.59657
604,MMR007004701,Waw Town,ဝေါ,မြို့,Town,"ဝေါ, ပဲခူးခရိုင်, ပဲခူးတိုင်းဒေသကြီး အရှေ့ခြမ်း, ပဲခူးတိုင်းဒေသကြီး (Bago), 08071, Myanmar","(17.4771259, 96.6756871, 0.0)",17.4771259,96.67568709999999
605,MMR007005701,Nyaunglebin Town,ညောင်လေးပင်,မြို့,Town,"ညောင်လေးပင်, ပဲခူးခရိုင်, ပဲခူးတိုင်းဒေသကြီး အရှေ့ခြမ်း, ပဲခူးတိုင်းဒေသကြီး (Bago), 08031, Myanmar","(17.95, 96.733333, 0.0)",17.95,96.733333
606,MMR007005702,Madauk Town,မဒေါက်,မြို့,Town,"မဒေါက်, ပဲခူးခရိုင်, ပဲခူးတိုင်းဒေသကြီး အရှေ့ခြမ်း, ပဲခူးတိုင်းဒေသကြီး (Bago), 052, Myanmar","(17.9132529, 96.8444748, 0.0)",17.9132529,96.8444748
607,MMR007005703,Pyuntasa Town,ပြွန်တန်ဆာ,မြို့,Town,"ပြွန်တန်ဆာ, ပဲခူးခရိုင်, ပဲခူးတိုင်းဒေသကြီး အရှေ့ခြမ်း, ပဲခူးတိုင်းဒေသကြီး (Bago), Myanmar","(17.875173, 96.71597, 0.0)",17.875173,96.71597
609,MMR007006701,Kyauktaga Town,ကျောက်တံခါး,မြို့,Town,"ကျောက်တံခါး, သံတွဲခရိုင, ရခိုင်ပြည်နယ် (Rakhine), Myanmar","(18.844021, 94.346947, 0.0)",18.844020999999998,94.346947
610,MMR007006702,Penwegon Town,ပဲနွယ်ကုန်း,မြို့,Town,"ပဲနွယ်ကုန်း, ပဲခူးခရိုင်, ပဲခူးတိုင်းဒေသကြီး အရှေ့ခြမ်း, ပဲခူးတိုင်းဒေသကြီး (Bago), Myanmar","(18.222708, 96.568855, 0.0)",18.222707999999997,96.568855
612,MMR007007701,Daik-U Town,ဒိုက်ဦး,မြို့,Town,"ဒိုက်ဦး, ပဲခူးခရိုင်, ပဲခူးတိုင်းဒေသကြီး အရှေ့ခြမ်း, ပဲခူးတိုင်းဒေသကြီး (Bago), Myanmar","(17.789671, 96.669693, 0.0)",17.789671,96.66969300000001
613,MMR007008701,Shwegyin Town,ရွှေကျင်,မြို့,Town,"ရွှေကျင်, မြောက်ဦးခရိုင, ရခိုင်ပြည်နယ် (Rakhine), Myanmar","(20.565411, 93.321358, 0.0)",20.565410999999997,93.32135799999999
614,MMR007009701,Taungoo Town,တောင်ငူ,မြို့,Town,"တောင်ငူ, တောင်ငူခရိုင်, ပဲခူးတိုင်းဒေသကြီး အရှေ့ခြမ်း, ပဲခူးတိုင်းဒေသကြီး (Bago), Myanmar","(18.9342565, 96.4326678, 0.0)",18.9342565,96.43266779999999
615,MMR007009702,Kaytumati Town,ကေတုမတီ,မြို့,Town,"ကေတုမတီ, တောင်ငူခရိုင်, ပဲခူးတိုင်းဒေသကြီး အရှေ့ခြမ်း, ပဲခူးတိုင်းဒေသကြီး (Bago), Myanmar","(19.014324, 96.403572, 0.0)",19.014324,96.403572
616,MMR007010701,Yedashe Town,ရေတာရှည်,မြို့,Town,"ရေတာရှည်, တောင်ငူခရိုင်, ပဲခူးတိုင်းဒေသကြီး အရှေ့ခြမ်း, ပဲခူးတိုင်းဒေသကြီး (Bago), Myanmar","(19.156925, 96.342339, 0.0)",19.156925,96.342339
617,MMR007010702,Hswar Town,ဆွာ,မြို့,Town,"ဆွာ, တောင်ငူခရိုင်, ပဲခူးတိုင်းဒေသကြီး အရှေ့ခြမ်း, ပဲခူးတိုင်းဒေသကြီး (Bago), Myanmar","(19.264978, 96.29072, 0.0)",19.264978,96.29072
619,MMR007010704,Myo Hla Town,မြို့လှ,မြို့,Town,"မြို့လှ, ဗန်းမော်ခရိုင်, ကချင်ပြည်နယ် (Kachin), Myanmar","(24.479419, 96.632228, 0.0)",24.479419,96.632228
620,MMR007011701,Kyaukkyi Town,ကျောက်ကြီး,မြို့,Town,"ကျောက်ကြီး, သံတွဲခရိုင, ရခိုင်ပြည်နယ် (Rakhine), Myanmar","(17.64929, 94.587311, 0.0)",17.64929,94.587311
621,MMR007012701,Phyu Town,ဖြူး,မြို့,Town,"ဖြူး, တောင်ငူခရိုင်, ပဲခူးတိုင်းဒေသကြီး အရှေ့ခြမ်း, ပဲခူးတိုင်းဒေသကြီး (Bago), Myanmar","(18.483333, 96.433333, 0.0)",18.483333,96.43333299999999
622,MMR007012702,Kanyutkwin Town,ကညွတ်ကွင်း,မြို့,Town,"ကညွတ်ကွင်း, တောင်ငူခရိုင်, ပဲခူးတိုင်းဒေသကြီး အရှေ့ခြမ်း, ပဲခူးတိုင်းဒေသကြီး (Bago), 08145, Myanmar","(18.340401, 96.49218, 0.0)",18.340401,96.49218
623,MMR007012703,Zayyawadi Town,ဇေယျ၀တီ,မြို့,Town,"ဇေယျ၀တီ, တောင်ငူခရိုင်, ပဲခူးတိုင်းဒေသကြီး အရှေ့ခြမ်း, ပဲခူးတိုင်းဒေသကြီး (Bago), 1234, Myanmar","(18.540972, 96.430844, 0.0)",18.540972,96.430844
624,MMR007013701,Oktwin Town,အုတ်တွင်း,မြို့,Town,"အုတ်တွင်း, တောင်ငူခရိုင်, ပဲခူးတိုင်းဒေသကြီး အရှေ့ခြမ်း, ပဲခူးတိုင်းဒေသကြီး (Bago), 08121, Myanmar","(18.832928, 96.413628, 0.0)",18.832928,96.413628
626,MMR007014701,Htantabin Town,ထန်းတပင်,မြို့,Town,"ထန်းတပင်, ရန်ကုန်တိုင်းဒေသကြီး, 1111, Myanmar","(17.05755495, 95.88844688904413, 0.0)",17.05755495,95.88844688904413
627,MMR008001701,Pyay Town,ပြည်,မြို့,Town,"ပြည်, ပြည်ခရိုင, ပဲခူးတိုင်းဒေသကြီး အနောက်ခြမ်း, ပဲခူးတိုင်းဒေသကြီး (Bago), Myanmar","(18.816667, 95.216667, 0.0)",18.816667000000002,95.216667
629,MMR008002701,Paukkhaung Town,ပေါက်ခေါင်း,မြို့,Town,"ပေါက်ခေါင်း, ပြည်ခရိုင, ပဲခူးတိုင်းဒေသကြီး အနောက်ခြမ်း, ပဲခူးတိုင်းဒေသကြီး (Bago), +95, Myanmar","(18.9087198, 95.5490934, 0.0)",18.9087198,95.5490934
630,MMR008003701,Padaung Town,ပန်းတောင်း,မြို့,Town,"ပန်းတောင်း, ပြည်ခရိုင, ပဲခူးတိုင်းဒေသကြီး အနောက်ခြမ်း, ပဲခူးတိုင်းဒေသကြီး (Bago), Myanmar","(18.717974, 95.153526, 0.0)",18.717973999999998,95.153526
631,MMR008003702,Oakshitpin Town,ဥရှစ်ပင်,မြို့,Town,"ဥရှစ်ပင်, ပြည်ခရိုင, ပဲခူးတိုင်းဒေသကြီး အနောက်ခြမ်း, ပဲခူးတိုင်းဒေသကြီး (Bago), Myanmar","(18.685185, 95.013827, 0.0)",18.685185,95.013827
632,MMR008004701,Paungde Town,ပေါင်းတည်,မြို့,Town,"ပေါင်းတည်, ပြည်ခရိုင, ပဲခူးတိုင်းဒေသကြီး အနောက်ခြမ်း, ပဲခူးတိုင်းဒေသကြီး (Bago), Myanmar","(18.4928344, 95.5071615, 0.0)",18.4928344,95.5071615
633,MMR008005701,Thegon Town,သဲကုန်း,မြို့,Town,"သဲကုန်း, သံတွဲခရိုင, ရခိုင်ပြည်နယ် (Rakhine), Myanmar","(18.075029, 94.482948, 0.0)",18.075029,94.482948
634,MMR008005702,Puteekone Town,ပုတီးကုန်း,မြို့,Town,"ပုတီးကုန်း, ပြည်ခရိုင, ပဲခူးတိုင်းဒေသကြီး အနောက်ခြမ်း, ပဲခူးတိုင်းဒေသကြီး (Bago), Myanmar","(18.57236, 95.456451, 0.0)",18.57236,95.456451
635,MMR008005703,Inn Ma Town,အင်းမ,မြို့,Town,"Inn Ma, နောင်ချို, ကျောက်မဲခရိုင်, ရှမ်းပြည်နယ်မြောက်ပိုင်း, ရှမ်းပြည်နယ် Shan State, Myanmar","(22.387882, 96.48127028775671, 0.0)",22.387882,96.48127028775671
637,MMR008006701,Shwedaung Town,ရွှေတောင်,မြို့,Town,"ရွှေတောင်, မြောက်ဦးခရိုင, ရခိုင်ပြည်နယ် (Rakhine), Myanmar","(20.558029, 93.313911, 0.0)",20.558029,93.313911
638,MMR008007701,Thayarwady Town,သာယာဝတီ,မြို့,Town,"သာယာဝတီ, သာယာဝတီခရိုင, ပဲခူးတိုင်းဒေသကြီး အနောက်ခြမ်း, ပဲခူးတိုင်းဒေသကြီး (Bago), Myanmar","(17.654413, 95.786285, 0.0)",17.654413,95.78628499999999
639,MMR008007702,Thonse Town,သုံးဆယ်,မြို့,Town,"သုံးဆယ်, သာယာဝတီခရိုင, ပဲခူးတိုင်းဒေသကြီး အနောက်ခြမ်း, ပဲခူးတိုင်းဒေသကြီး (Bago), Myanmar","(17.629881, 95.789848, 0.0)",17.629881,95.78984799999999
640,MMR008008701,Letpadan Town,လက်ပံတန်း,မြို့,Town,"လက်ပံတန်း, သာယာဝတီခရိုင, ပဲခူးတိုင်းဒေသကြီး အနောက်ခြမ်း, ပဲခူးတိုင်းဒေသကြီး (Bago), 12345, Myanmar","(17.783333, 95.75, 0.0)",17.783333,95.75
641,MMR008009701,Minhla Town,မင်းလှ,မြို့,Town,"မင်းလှ, ကလေးခရိုင်, စစ်ကိုင်းတိုင်း (Sagaing), Myanmar","(23.37225, 94.041817, 0.0)",23.37225,94.04181700000001
643,MMR008010701,Okpho Town,အုတ်ဖို,မြို့,Town,"အုတ်ဖို, သာယာဝတီခရိုင, ပဲခူးတိုင်းဒေသကြီး အနောက်ခြမ်း, ပဲခူးတိုင်းဒေသကြီး (Bago), Myanmar","(18.130222, 95.671768, 0.0)",18.130222,95.671768
645,MMR008011701,Zigon Town,ဇီးကုန်း,မြို့,Town,"ဇီးကုန်း, Thaton District, Mon, Myanmar","(17.5664929, 97.2536863, 0.0)",17.566492899999997,97.2536863
646,MMR008012701,Nattalin Town,နတ်တလင်း,မြို့,Town,"နတ်တလင်း, စစ်တွေခရိုင, ရခိုင်ပြည်နယ် (Rakhine), Myanmar","(20.565109, 92.918747, 0.0)",20.565109,92.918747
648,MMR008013701,Monyo Town,မိုးညို,မြို့,Town,"မိုးညို, သာယာဝတီခရိုင, ပဲခူးတိုင်းဒေသကြီး အနောက်ခြမ်း, ပဲခူးတိုင်းဒေသကြီး (Bago), 53754, Myanmar","(18.027185, 95.511848, 0.0)",18.027185,95.511848
649,MMR008014701,Gyobingauk Town,ကြို့ပင်ကောက်,မြို့,Town,"ကြို့ပင်ကောက်, သာယာဝတီခရိုင, ပဲခူးတိုင်းဒေသကြီး အနောက်ခြမ်း, ပဲခူးတိုင်းဒေသကြီး (Bago), Myanmar","(18.230615, 95.6491121, 0.0)",18.230615,95.6491121
650,MMR009001701,Magway Town,မကွေး,မြို့,Town,"မကွေး, မကွေးခရိုင်, မကွေးတိုင်းဒေသကြီး, Myanmar","(20.1491458, 94.9213518, 0.0)",20.149145800000003,94.9213518
651,MMR009002701,Yenangyaung Town,ရေနံချောင်း,မြို့,Town,"ရေနံချောင်း, မကွေးခရိုင်, မကွေးတိုင်းဒေသကြီး, Myanmar","(20.4608216, 94.872961, 0.0)",20.460821600000003,94.872961
652,MMR009003701,Chauk Town,ချောက်,မြို့,Town,"ချောက်, မကွေးခရိုင်, မကွေးတိုင်းဒေသကြီး, 24398, Myanmar","(20.8947519, 94.8198211, 0.0)",20.894751899999996,94.81982109999998
653,MMR009003702,Sa Lay Town,စလေ,မြို့,Town,"Cala, Sierra de Aracena, Huelva, Andalucía, España","(37.9719249, -6.3168307, 0.0)",37.9719249,-6.3168307
654,MMR009004701,Taungdwingyi Town,တောင်တွင်းကြီး,မြို့,Town,"တောင်တွင်းကြီး, မကွေးခရိုင်, မကွေးတိုင်းဒေသကြီး, Myanmar","(20.001873, 95.546135, 0.0)",20.001873,95.54613499999999
655,MMR009005701,Myothit Town,မြို့သစ်,မြို့,Town,"မြို့သစ်, ဗန်းမော်ခရိုင်, ကချင်ပြည်နယ် (Kachin), Myanmar","(24.4109379, 97.4068024, 0.0)",24.410937899999997,97.4068024
656,MMR009006701,Natmauk Town,နတ်မောက်,မြို့,Town,"နတ်မောက်, မကွေးခရိုင်, မကွေးတိုင်းဒေသကြီး, 04121, Myanmar","(20.353386, 95.399658, 0.0)",20.353385999999997,95.399658
657,MMR009007701,Minbu Town,မင်းဘူး,မြို့,Town,"မင်းဘူး, မင်းဘူးခရိုင်, မကွေးတိုင်းဒေသကြီး, Myanmar","(20.1837903, 94.8767199, 0.0)",20.183790300000002,94.8767199
658,MMR009007702,Saku Town,စကု,မြို့,Town,"စကု, မင်းဘူးခရိုင်, မကွေးတိုင်းဒေသကြီး, Myanmar","(20.2265994, 94.7642875, 0.0)",20.226599399999998,94.7642875
659,MMR009008701,Pwintbyu Town,ပွင့်ဖြူ,မြို့,Town,"ပွင့်ဖြူ, မင်းဘူးခရိုင်, မကွေးတိုင်းဒေသကြီး, 04032, Myanmar","(20.363335, 94.669334, 0.0)",20.363335,94.66933399999999
660,MMR009009701,Ngape Town,ငဖဲ,မြို့,Town,"ငဖဲမြို့, မင်းဘူးခရိုင်, မကွေးတိုင်းဒေသကြီး, 04061, Myanmar","(20.0756891, 94.4681737, 0.0)",20.0756891,94.46817370000001
661,MMR009010701,Salin Town,စလင်း,မြို့,Town,"စလင်း, မင်းဘူးခရိုင်, မကွေးတိုင်းဒေသကြီး, Myanmar","(20.5772, 94.659363, 0.0)",20.5772,94.659363
662,MMR009010702,Sinphyukyun Town,ဆင်ဖြူကျွန်း,မြို့,Town,"ဆင်ဖြူကျွန်း, မင်းဘူးခရိုင်, မကွေးတိုင်းဒေသကြီး, Myanmar","(20.6637, 94.69162, 0.0)",20.6637,94.69162
664,MMR009012701,Thayet Town,သရက်,မြို့,Town,"သရက်, သရက်ခရိုင်, မကွေးတိုင်းဒေသကြီး, Myanmar","(19.322687, 95.1794744, 0.0)",19.322687,95.1794744
665,MMR009013701,Minhla Town,မင်းလှ,မြို့,Town,"မင်းလှ, ကလေးခရိုင်, စစ်ကိုင်းတိုင်း (Sagaing), Myanmar","(23.37225, 94.041817, 0.0)",23.37225,94.04181700000001
666,MMR009014701,Mindon Town,မင်းတုန်း,မြို့,Town,"မင်းတုန်း, သရက်ခရိုင်, မကွေးတိုင်းဒေသကြီး, Myanmar","(19.346293, 94.731941, 0.0)",19.346293,94.731941
667,MMR009015701,Kamma Town,ကံမ,မြို့,Town,"ကံမ, သရက်ခရိုင်, မကွေးတိုင်းဒေသကြီး, Myanmar","(19.028971, 95.09594, 0.0)",19.028971,95.09594
668,MMR009016701,Aunglan Town,အောင်လံ,မြို့,Town,"အောင်လံ, သရက်ခရိုင်, မကွေးတိုင်းဒေသကြီး, 04151, Myanmar","(19.366667, 95.216667, 0.0)",19.366667,95.216667
669,MMR009017701,Sinbaungwe Town,ဆင်ပေါင်ဝဲ,မြို့,Town,"ဆင်ပေါင်ဝဲ, သရက်ခရိုင်, မကွေးတိုင်းဒေသကြီး, Myanmar","(19.727261, 95.166204, 0.0)",19.727261,95.16620400000001
670,MMR009018701,Pakokku Town,ပခုက္ကူ,မြို့,Town,"ပခုက္ကူ, ပခုက္ကူခရိုင်, မကွေးတိုင်းဒေသကြီး, 04201, Myanmar","(21.3343349, 95.0944271, 0.0)",21.334334899999998,95.09442709999999
671,MMR009018702,Kamma Town,ကမ္မ,မြို့,Town,"ကမ္မ, ပခုက္ကူခရိုင်, မကွေးတိုင်းဒေသကြီး, Myanmar","(21.3824585, 94.8151927, 0.0)",21.3824585,94.8151927
672,MMR009018703,Myit Chay Town,မြစ်ခြေ,မြို့,Town,"မြစ်ခြေ, ပခုက္ကူခရိုင်, မကွေးတိုင်းဒေသကြီး, Myanmar","(21.2460905, 94.8526201, 0.0)",21.2460905,94.85262009999998
673,MMR009019701,Yesagyo Town,ရေစကြို,မြို့,Town,"ရေစကြို, ပခုက္ကူခရိုင်, မကွေးတိုင်းဒေသကြီး, Myanmar","(21.632949, 95.2487324, 0.0)",21.632949,95.24873240000001
674,MMR009020701,Myaing Town,မြိုင်,မြို့,Town,"မြိုင်, ပခုက္ကူခရိုင်, မကွေးတိုင်းဒေသကြီး, Myanmar","(21.61256, 94.854317, 0.0)",21.612560000000002,94.85431700000001
675,MMR009021701,Pauk Town,ပေါက်,မြို့,Town,"ပေါက်, ပခုက္ကူခရိုင်, မကွေးတိုင်းဒေသကြီး, Myanmar","(21.45215, 94.473737, 0.0)",21.45215,94.473737
676,MMR009022701,Seikphyu Town,ဆိပ်ဖြူ,မြို့,Town,"ဆိပ်ဖြူ, ပခုက္ကူခရိုင်, မကွေးတိုင်းဒေသကြီး, Myanmar","(20.906509, 94.792427, 0.0)",20.906509,94.792427
677,MMR009023701,Gangaw Town,ဂန့်ဂေါ,မြို့,Town,"ဂန့်ဂေါ, ဂန့်ဂေါခရိုင်, မကွေးတိုင်းဒေသကြီး, Myanmar","(22.1769278, 94.1328898, 0.0)",22.1769278,94.13288979999999
678,MMR009023702,Kyaw Town,ကျော,မြို့,Town,"ကျော, ဂန့်ဂေါခရိုင်, မကွေးတိုင်းဒေသကြီး, Myanmar","(21.9269569, 94.3590573, 0.0)",21.9269569,94.3590573
679,MMR009024701,Tilin Town,ထီးလင်း,မြို့,Town,"ထီးလင်း, ဂန့်ဂေါခရိုင်, မကွေးတိုင်းဒေသကြီး, Myanmar","(21.6959068, 94.0941855, 0.0)",21.6959068,94.0941855
680,MMR009025701,Saw Town,ဆော,မြို့,Town,"ဆော, ဂန့်ဂေါခရိုင်, မကွေးတိုင်းဒေသကြီး, Myanmar","(21.1523995, 94.1558364, 0.0)",21.152399499999998,94.15583640000001
681,MMR009025702,Kyaukhtu Town,ကျောက်ထု,မြို့,Town,"ကျောက်ထု, ဂန့်ဂေါခရိုင်, မကွေးတိုင်းဒေသကြီး, Myanmar","(21.4087795, 94.1349581, 0.0)",21.4087795,94.13495809999999
683,MMR010001701,Aungmyaythazan Town,အောင်မြေသာဇံ,မြို့,Town,"အောင်မြေသာဇံ, မန္တလေးခရိုင်, မန္တလေးတိုင်း, 05012, Myanmar","(21.993206, 96.096861, 0.0)",21.993206,96.096861
684,MMR010002701,Chanayethazan Town,ချမ်းအေးသာဇံ,မြို့,Town,"ချမ်းအေးသာဇံ, မန္တလေးခရိုင်, မန္တလေးတိုင်း, 0502-1303, Myanmar","(21.97535, 96.094599, 0.0)",21.97535,96.094599
685,MMR010003701,Mahaaungmyay Town,မဟာအောင်မြေ,မြို့,Town,"မဟာအောင်မြေ, မန္တလေးခရိုင်, မန္တလေးတိုင်း, Myanmar","(21.958904, 96.091162, 0.0)",21.958904,96.091162
686,MMR010004701,Chanmyathazi Town,ချမ်းမြသာစည်,မြို့,Town,"ချမ်းမြသာစည်, မန္တလေးခရိုင်, မန္တလေးတိုင်း, Myanmar","(21.939404, 96.095838, 0.0)",21.939404,96.095838
687,MMR010005701,Pyigyitagon Town,ပြည်ကြီးတံခွန်,မြို့,Town,"ပြည်ကြီးတံခွန်, မန္တလေးခရိုင်, မန္တလေးတိုင်း, Myanmar","(21.901964, 96.104181, 0.0)",21.901964000000003,96.10418100000001
688,MMR010006701,Amarapura Town,အမရပူရ,မြို့,Town,"အမရပူရ, မန္တလေးခရိုင်, မန္တလေးတိုင်း, 05062, Myanmar","(21.903139, 96.049483, 0.0)",21.903139000000003,96.049483
689,MMR010006702,Myitnge Town,မြစ်ငယ်,မြို့,Town,"မြစ်ငယ်, နမ္မတူ, ကျောက်မဲခရိုင်, ရှမ်းပြည်နယ်မြောက်ပိုင်း, ရှမ်းပြည်နယ် Shan State, Myanmar","(22.7588337, 97.2896003, 0.0)",22.7588337,97.2896003
690,MMR010007701,Patheingyi Town,ပုသိမ်ကြီး,မြို့,Town,"ပုသိမ်ကြီး, မန္တလေးခရိုင်, မန္တလေးတိုင်း, Myanmar","(22.012563, 96.154303, 0.0)",22.012563,96.154303
691,MMR010008701,Pyinoolwin Town,ပြင်ဦးလွင်,မြို့,Town,"ပြင်ဦးလွင်, ပြင်ဦးလွင်ခရိုင်, မန္တလေးတိုင်း, Myanmar","(22.0333331, 96.466667, 0.0)",22.0333331,96.466667
692,MMR010009701,Madaya Town,မတ္တရာ,မြို့,Town,"မတ္တရာ, ပြင်ဦးလွင်ခရိုင်, မန္တလေးတိုင်း, 05121, Myanmar","(22.21036, 96.106392, 0.0)",22.21036,96.106392
693,MMR010010701,Singu Town,စဉ့်ကူး,မြို့,Town,"စဉ့်ကူး, ပြင်ဦးလွင်ခရိုင်, မန္တလေးတိုင်း, Myanmar","(22.549781, 95.998993, 0.0)",22.549781,95.998993
694,MMR010011701,Mogoke Town,မိုးကုတ်,မြို့,Town,"မိုးကုတ်မြို့နယ်, ပြင်ဦးလွင်ခရိုင်, မန္တလေးတိုင်း, 05091, Myanmar","(22.90763075, 96.43951377692126, 0.0)",22.90763075,96.43951377692127
695,MMR010012701,Thabeikkyin Town,သပိတ်ကျင်း,မြို့,Town,"သပိတ်ကျင်း, ပြင်ဦးလွင်ခရိုင်, မန္တလေးတိုင်း, Myanmar","(23.19157735, 96.0668223281875, 0.0)",23.19157735,96.0668223281875
696,MMR010012702,Takaung Town,တကောင်း,မြို့,Town,"တကောင်း, ပြင်ဦးလွင်ခရိုင်, မန္တလေးတိုင်း, Myanmar","(23.5025071, 96.0152879, 0.0)",23.502507100000003,96.0152879
697,MMR010013701,Kyaukse Town,ကျောက်ဆည်,မြို့,Town,"ကျောက်ဆည်, ကျောက်ဆည်ခရိုင်, မန္တလေးတိုင်း, 05151, Myanmar","(21.72522725, 96.60359319240224, 0.0)",21.72522725,96.60359319240223
698,MMR010014701,Sintgaing Town,စဉ့်ကိုင်,မြို့,Town,"စဉ့်ကိုင်, ကျောက်ဆည်ခရိုင်, မန္တလေးတိုင်း, 05141, Myanmar","(21.7322063, 96.1082034, 0.0)",21.732206299999998,96.10820340000001
699,MMR010015701,Myittha Town,မြစ်သား,မြို့,Town,"Myit Thar မြစ်သား, ကျောက်ဆည်ခရိုင်, မန္တလေးတိုင်း, Myanmar","(21.4251686, 96.13010567302811, 0.0)",21.425168600000003,96.13010567302813
700,MMR010015702,Ku Me Town,ကူမဲ,မြို့,Town,"Ku Me, ကျောက်ဆည်ခရိုင်, မန္တလေးတိုင်း, Myanmar","(21.3611342, 96.16257840469312, 0.0)",21.361134200000002,96.16257840469312
701,MMR010016701,Tada-U Town,တံတားဦး,မြို့,Town,"တံတားဦး, ကျောက်ဆည်ခရိုင်, မန္တလေးတိုင်း, 066, Myanmar","(21.8162339, 95.9700599, 0.0)",21.816233899999997,95.97005990000001
702,MMR010017701,Myingyan Town,မြင်းခြံ,မြို့,Town,"မြင်းခြံ, မြင်းခြံခရိုင်, မန္တလေးတိုင်း, 100401, Myanmar","(21.4587531, 95.3924129, 0.0)",21.458753100000003,95.39241290000001
703,MMR010017702,Si Mee Khon Town,ဆီမီးခုံ,မြို့,Town,"Semeikhon, မြင်းခြံ, မြင်းခြံခရိုင်, မန္တလေးတိုင်း, Myanmar","(21.73608035, 95.42219007196198, 0.0)",21.73608035,95.42219007196198
704,MMR010018701,Taungtha Town,တောင်သာ,မြို့,Town,"တောင်သာ, မြင်းခြံခရိုင်, မန္တလေးတိုင်း, Myanmar","(21.27603, 95.445412, 0.0)",21.27603,95.445412
705,MMR010019701,Natogyi Town,နွားထိုးကြီး,မြို့,Town,"နွားထိုးကြီး, မြင်းခြံခရိုင်, မန္တလေးတိုင်း, 02, Myanmar","(21.459544899999997, 95.73064381971119, 0.0)",21.4595449,95.7306438197112
706,MMR010020701,Kyaukpadaung Town,ကျောက်ပန်းတောင်း,မြို့,Town,"ကျောက်ပန်းတောင်း, ညောင်ဦးခရိုင်, မန္တလေးတိုင်း, 05241, Myanmar","(20.8410724, 95.1279364, 0.0)",20.841072399999998,95.12793640000001
707,MMR010021701,Ngazun Town,ငါန်းဇွန်,မြို့,Town,"ငါန်းဇွန်, မြင်းခြံခရိုင်, မန္တလေးတိုင်း, Myanmar","(21.898103, 95.6877173, 0.0)",21.898103,95.68771729999999
708,MMR010022701,Nyaung-U Town,ညောင်ဦး,မြို့,Town,"ညောင်ဦး, ညောင်ဦးခရိုင်, မန္တလေးတိုင်း, Myanmar","(21.1999599, 94.9071683, 0.0)",21.1999599,94.9071683
709,MMR010022702,Bagan Town,ပုဂံ,မြို့,Town,"ပုဂံ, ညောင်ဦးခရိုင်, မန္တလေးတိုင်း, 55000, Myanmar","(21.1317111, 94.8623644, 0.0)",21.1317111,94.8623644
710,MMR010022703,Ngathayauk Town,ငါ့သရောက်,မြို့,Town,"ငါ့သရောက်, ညောင်ဦးခရိုင်, မန္တလေးတိုင်း, Myanmar","(21.150579, 95.137718, 0.0)",21.150579,95.137718
711,MMR010023701,Yamethin Town,ရမည်းသင်း,မြို့,Town,"ရမည်းသင်း, ရမည်းသင်းခရိုင်, မန္တလေးတိုင်း, +959, Myanmar","(20.4318725, 96.1399956, 0.0)",20.4318725,96.13999559999999
712,MMR010024701,Pyawbwe Town,ပျော်ဘွယ်,မြို့,Town,"ပျော်ဘွယ်, ရမည်းသင်းခရိုင်, မန္တလေးတိုင်း, Myanmar","(20.5910458, 96.0505821, 0.0)",20.5910458,96.0505821
713,MMR010028701,Meiktila Town,မိတ္ထီလာ,မြို့,Town,"မိတ္ထီလာ, မိတ္ထီလာခရိုင်, မန္တလေးတိုင်း, Myanmar","(20.82828715, 95.74961240412887, 0.0)",20.82828715,95.74961240412888
714,MMR010029701,Mahlaing Town,မလှိုင်,မြို့,Town,"မလှိုင်, မိတ္ထီလာခရိုင်, မန္တလေးတိုင်း, Myanmar","(21.098669, 95.64698, 0.0)",21.098669,95.64698
715,MMR010030701,Thazi Town,သာစည်,မြို့,Town,"သာစည်, မိတ္ထီလာခရိုင်, မန္တလေးတိုင်း, Myanmar","(20.850189, 96.05838, 0.0)",20.850189,96.05838
716,MMR010031701,Wundwin Town,ဝမ်းတွင်း,မြို့,Town,"ဝမ်းတွင်း, မိတ္ထီလာခရိုင်, မန္တလေးတိုင်း, Myanmar","(21.09691, 96.030014, 0.0)",21.09691,96.03001400000001
717,MMR011001701,Mawlamyine Town,မော်လမြိုင်,မြို့,Town,"မော်လမြိုင်, Mawlamyine District, Mon, Myanmar","(16.4908026, 97.6284825, 0.0)",16.4908026,97.62848249999999
718,MMR011002701,Kyaikmaraw Town,ကျိုက်မရော,မြို့,Town,"ကျိုက်မရော, Mawlamyine District, Mon, Myanmar","(16.369119, 97.7250556, 0.0)",16.369119,97.7250556
719,MMR011003701,Chaungzon Town,ချောင်းဆုံ,မြို့,Town,"ချောင်းဆုံ, Mawlamyine District, Mon, Myanmar","(16.31060335, 97.46106410004285, 0.0)",16.31060335,97.46106410004283
720,MMR011004701,Thanbyuzayat Town,သံဖြူဇရပ်,မြို့,Town,"သံဖြူဇရပ်, Mawlamyine District, Mon, 12091, Myanmar","(15.9690787, 97.7278081, 0.0)",15.969078699999999,97.72780809999999
721,MMR011004702,Kyaikkhami Town,ကျိုက္ခမီ,မြို့,Town,"ကျိုက္ခမီ, Mawlamyine District, Mon, Myanmar","(16.0793199, 97.5705296, 0.0)",16.079319899999998,97.5705296
722,MMR011005701,Mudon Town,မုဒုံ,မြို့,Town,"မုဒုံ, Mawlamyine District, Mon, 12085, Myanmar","(16.2558972, 97.7292529, 0.0)",16.2558972,97.7292529
724,MMR011006701,Ye Town,ရေး,မြို့,Town,"ရေး, Mawlamyine District, Mon, Myanmar","(15.2464126, 97.8520389, 0.0)",15.2464126,97.85203890000001
725,MMR011006702,Lamaing Town,လမိုင်း,မြို့,Town,"လမိုင်း, 8, တၟံကၞေၚ်, ရေး, Mawlamyine District, Mon, Myanmar","(15.5002574, 97.8276179, 0.0)",15.500257399999999,97.8276179
726,MMR011006703,Khawzar Town,ခေါဇာ,မြို့,Town,"ခေါဇာ, Mawlamyine District, Mon, Myanmar","(15.0363459, 97.8294022, 0.0)",15.0363459,97.8294022
727,MMR011007701,Thaton Town,သထုံ,မြို့,Town,"သထုံ, Thaton District, Mon, 100, Myanmar","(16.9136941, 97.3689718, 0.0)",16.9136941,97.3689718
729,MMR011008701,Paung Town,ပေါင်,မြို့,Town,"ပေါင်, Thaton District, Mon, Myanmar","(16.6621036, 97.439756, 0.0)",16.6621036,97.439756
730,MMR011008702,Zinkyaik Town,ဇင်းကျိုက်,မြို့,Town,"ဇင်းကျိုက်, Thaton District, Mon, Myanmar","(16.7000543, 97.4232013, 0.0)",16.7000543,97.42320129999999
731,MMR011009701,Kyaikto Town,ကျိုက်ထို,မြို့,Town,"ကျိုက်ထို, Thaton District, Mon, Myanmar","(17.3091636, 97.0096713, 0.0)",17.3091636,97.0096713
732,MMR011009702,Thein Za Yat Town,သိမ်ဇရပ်,မြို့,Town,"Thein Za Yat, Thaton District, Mon, Myanmar","(17.5168043, 96.8785541, 0.0)",17.5168043,96.8785541
733,MMR011010701,Bilin Town,ဘီးလင်း,မြို့,Town,"ဘီးလင်း, Thaton District, Mon, Myanmar","(17.2142678, 97.2318618, 0.0)",17.214267800000002,97.2318618
734,MMR012001701,Sittwe Town,စစ်တွေ,မြို့,Town,"စစ်တွေ, စစ်တွေခရိုင, ရခိုင်ပြည်နယ် (Rakhine), 043, Myanmar","(20.15, 92.9, 0.0)",20.15,92.9
735,MMR012002701,Ponnagyun Town,ပုဏ္ဏားကျွန်း,မြို့,Town,"ပုဏ္ဏားကျွန်း, စစ်တွေခရိုင, ရခိုင်ပြည်နယ် (Rakhine), Myanmar","(20.331985, 93.004295, 0.0)",20.331985,93.004295
736,MMR012003701,Mrauk-U Town,မြောက်ဦး,မြို့,Town,"မြောက်ဦး, မြောက်ဦးခရိုင, ရခိုင်ပြည်နယ် (Rakhine), Myanmar","(20.61451045, 93.17012433699182, 0.0)",20.61451045,93.1701243369918
737,MMR012004701,Kyauktaw Town,ကျောက်တော်,မြို့,Town,"ကျောက်တော်, မြောက်ဦးခရိုင, ရခိုင်ပြည်နယ် (Rakhine), Myanmar","(20.843957, 92.97282, 0.0)",20.843957,92.97282
738,MMR012005701,Minbya Town,မင်းပြား,မြို့,Town,"မင်းပြား, မြောက်ဦးခရိုင, ရခိုင်ပြည်နယ် (Rakhine), Myanmar","(20.364523, 93.27269, 0.0)",20.364523000000002,93.27269
739,MMR012006701,Myebon Town,မြေပုံ,မြို့,Town,"မြေပုံ, မြောက်ဦးခရိုင, ရခိုင်ပြည်နယ် (Rakhine), 07011, Myanmar","(20.046762, 93.373764, 0.0)",20.046762,93.37376400000001
740,MMR012006702,Kanhtauntkyi Town,ကမ်းထောင့်ကြီး,မြို့,Town,"ကမ်းထောင့်ကြီး, မြောက်ဦးခရိုင, ရခိုင်ပြည်နယ် (Rakhine), Myanmar","(19.856954, 93.759019, 0.0)",19.856954,93.759019
741,MMR012007701,Pauktaw Town,ပေါက်တော,မြို့,Town,"ပေါက်တော, စစ်တွေခရိုင, ရခိုင်ပြည်နယ် (Rakhine), Myanmar","(20.1825232, 93.0684364, 0.0)",20.1825232,93.06843640000001
742,MMR012008701,Rathedaung Town,ရသေ့တောင်,မြို့,Town,"ရသေ့တောင်, စစ်တွေခရိုင, ရခိုင်ပြည်နယ် (Rakhine), Myanmar","(20.488342, 92.754158, 0.0)",20.488342000000003,92.75415799999999
743,MMR012009701,Maungdaw Town,မောင်တော,မြို့,Town,"မောင်တော, မောင်တောခရိုင, ရခိုင်ပြည်နယ် (Rakhine), Myanmar","(20.8269243, 92.3661178, 0.0)",20.8269243,92.3661178
744,MMR012009702,Taungpyoletwea Town,တောင်ပြိုလက်ဝဲ,မြို့,Town,"တောင်ပြိုလက်ဝဲ, မောင်တော, မောင်တောခရိုင, ရခိုင်ပြည်နယ် (Rakhine), Myanmar","(21.1994718, 92.199488, 0.0)",21.199471799999998,92.199488
745,MMR012009703,Kha Maung Seik Town,ခမောင်းဆိပ်,မြို့,Town,"ခမောင်းဆိပ်, မြောက်ဦးခရိုင, ရခိုင်ပြည်နယ် (Rakhine), Myanmar","(20.67436, 93.259888, 0.0)",20.67436,93.259888
746,MMR012009704,Myin Hlut Town,မြင်းလွှတ်,မြို့,Town,"မြင်းလွှတ် (တောင်), မောင်တောခရိုင, ရခိုင်ပြည်နယ် (Rakhine), Myanmar","(20.6285, 92.50267, 0.0)",20.6285,92.50267
747,MMR012010701,Buthidaung Town,ဘူးသီးတောင်,မြို့,Town,"ဘူးသီးတောင်, မောင်တောခရိုင, ရခိုင်ပြည်နယ် (Rakhine), Myanmar","(20.8747257, 92.5280099, 0.0)",20.8747257,92.5280099
748,MMR012011701,Kyaukpyu Town,ကျောက်ဖြူ,မြို့,Town,"ကျောက်ဖြူ, ကျောက်ဖြူခရိုင်, ရခိုင်ပြည်နယ် (Rakhine), Myanmar","(19.4266675, 93.5479844, 0.0)",19.426667499999997,93.5479844
749,MMR012011702,Sa Ne Town,စနဲ,မြို့,Town,"စနဲ, ကျောက်ဖြူခရိုင်, ရခိုင်ပြည်နယ် (Rakhine), Myanmar","(19.41621, 94.12851, 0.0)",19.41621,94.12850999999999
750,MMR012012701,Munaung Town,မာန်အောင်,မြို့,Town,"မာန်အောင်, ကျောက်ဖြူခရိုင်, ရခိုင်ပြည်နယ် (Rakhine), Myanmar","(18.793946249999998, 93.63100831206881, 0.0)",18.79394625,93.6310083120688
751,MMR012013701,Ramree Town,ရမ်းဗြဲ,မြို့,Town,"ရမ်းဗြဲ, ကျောက်ဖြူခရိုင်, ရခိုင်ပြည်နယ် (Rakhine), Myanmar","(19.091339, 93.8632293, 0.0)",19.091339,93.8632293
752,MMR012013702,Lay Taung Town,လေးတောင်,မြို့,Town,"လေးတောင်, မြောက်ဦးခရိုင, ရခိုင်ပြည်နယ် (Rakhine), Myanmar","(20.091471, 93.489738, 0.0)",20.091471,93.489738
753,MMR012014701,Ann Town,အမ်း,မြို့,Town,"အမ်း, ကျောက်ဖြူခရိုင်, ရခိုင်ပြည်နယ် (Rakhine), 07151, Myanmar","(19.7808466, 94.0312875, 0.0)",19.7808466,94.0312875
754,MMR012014702,Tat Taung Town,တပ်တောင်,မြို့,Town,"တပ်တောင် Tat Taung, မြိတ်မြို့, Myeik District, Tanintharyi Region, Myanmar","(12.3863865, 98.6776757, 0.0)",12.3863865,98.6776757
755,MMR012015701,Thandwe Town,သံတွဲ,မြို့,Town,"သံတွဲ, သံတွဲခရိုင, ရခိုင်ပြည်နယ် (Rakhine), 07171, Myanmar","(18.4664443, 94.3668616, 0.0)",18.4664443,94.3668616
756,MMR012015702,Ngapali Town,ငပလီ,မြို့,Town,"ငပလီ, သံတွဲခရိုင, ရခိုင်ပြည်နယ် (Rakhine), Myanmar","(18.4370698, 94.320716, 0.0)",18.4370698,94.320716
757,MMR012016701,Toungup Town,တောင်ကုတ်,မြို့,Town,"တောင်ကုတ်, သံတွဲခရိုင, ရခိုင်ပြည်နယ် (Rakhine), Myanmar","(18.8548345, 94.2387634, 0.0)",18.8548345,94.23876340000001
758,MMR012016702,Ma-Ei Town,မအီ,မြို့,Town,"မအီ, သံတွဲခရိုင, ရခိုင်ပြည်နယ် (Rakhine), Myanmar","(19.3424147, 94.1386439, 0.0)",19.3424147,94.1386439
760,MMR012017701,Gwa Town,ဂွ,မြို့,Town,"ဂွ, သံတွဲခရိုင, ရခိုင်ပြည်နယ် (Rakhine), Myanmar","(17.5958274, 94.5801887, 0.0)",17.595827399999997,94.5801887
761,MMR012017702,Kyeintali Town,ကျိန္တလီ,မြို့,Town,"ကျိန္တလီ, သံတွဲခရိုင, ရခိုင်ပြည်နယ် (Rakhine), 07182, Myanmar","(18.0128728, 94.4872053, 0.0)",18.0128728,94.4872053
766,MMR013003701,Hmawbi Town,မှော်ဘီ,မြို့,Town,"မှော်ဘီ, ရန်ကုန်တိုင်းဒေသကြီး, Myanmar","(17.128675899999998, 96.0535465205914, 0.0)",17.128675899999998,96.05354652059141
767,MMR013004701,Hlegu Town,လှည်းကူး,မြို့,Town,"လှည်းကူး, ရန်ကုန်တိုင်းဒေသကြီး, Myanmar","(17.0988371, 96.2233619, 0.0)",17.0988371,96.2233619
768,MMR013005701,Taikkyi Town,တိုက်ကြီး,မြို့,Town,"တိုက်ကြီး, ရန်ကုန်တိုင်းဒေသကြီး, 11101, Myanmar","(17.3145946, 95.9588329, 0.0)",17.314594600000003,95.9588329
769,MMR013005702,Okekan Town,ဥက္ကံ,မြို့,Town,"ဥက္ကံ, မြောက်ဦးခရိုင, ရခိုင်ပြည်နယ် (Rakhine), Myanmar","(20.034189, 93.555817, 0.0)",20.034189,93.555817
771,MMR013006701,Htantabin Town,ထန်းတပင်,မြို့,Town,"ထန်းတပင်, ရန်ကုန်တိုင်းဒေသကြီး, 1111, Myanmar","(17.05755495, 95.88844688904413, 0.0)",17.05755495,95.88844688904413
772,MMR013007701,Shwepyithar Town,ရွှေပြည်သာ,မြို့,Town,"ရွှေပြည်သာ, Northern District, ရန်ကုန်တိုင်းဒေသကြီး, 11411, Myanmar","(16.9532724, 96.0795114, 0.0)",16.9532724,96.0795114
773,MMR013008701,Hlaingtharya Town,လှိုင်သာယာ,မြို့,Town,"လှိုင်သာယာ, Northern District, ရန်ကုန်တိုင်းဒေသကြီး, Myanmar","(16.8763811, 96.0633373, 0.0)",16.876381100000003,96.0633373
788,MMR013023701,Thanlyin Town,သန်လျင်,မြို့,Town,"သန်လျင်, ရန်ကုန်တိုင်းဒေသကြီး, 11291, Myanmar","(16.822182400000003, 96.34755033389905, 0.0)",16.822182400000006,96.34755033389904
789,MMR013024701,Kyauktan Town,ကျောက်တန်း,မြို့,Town,"ကျောက်တန်း, ရန်ကုန်တိုင်းဒေသကြီး, Myanmar","(16.6349752, 96.3254567, 0.0)",16.6349752,96.3254567
790,MMR013024702,Tadar Town,တံတား,မြို့,Town,"တံတား, စက်မှုလမ်း, ဒဂုံမြို့သစ်မြောက်ပိုင်း, Eastern District, ရန်ကုန်တိုင်းဒေသကြီး, 00951, Myanmar","(16.88935525, 96.16138526512194, 0.0)",16.88935525,96.16138526512194
791,MMR013025701,Thongwa Town,သုံးခွ,မြို့,Town,"သုံးခွ, ရန်ကုန်တိုင်းဒေသကြီး, Myanmar","(16.7608437, 96.5237188, 0.0)",16.7608437,96.5237188
792,MMR013026701,Kayan Town,ခရမ်း,မြို့,Town,"ခရမ်း, ရန်ကုန်တိုင်းဒေသကြီး, Myanmar","(16.905556, 96.563056, 0.0)",16.905556,96.563056
793,MMR013027701,Twantay Town,တွံတေး,မြို့,Town,"တွံတေး, ရန်ကုန်တိုင်းဒေသကြီး, 11331, Myanmar","(16.737795650000002, 95.98545886069823, 0.0)",16.737795650000002,95.98545886069824
794,MMR013028701,Kawhmu Town,ကော့မှူး,မြို့,Town,"ကော့မှူး, ရန်ကုန်တိုင်းဒေသကြီး, Myanmar","(16.540769400000002, 96.10926500870181, 0.0)",16.540769400000002,96.1092650087018
795,MMR013029701,Kungyangon Town,ကွမ်းခြံကုန်း,မြို့,Town,"ကွမ်းခြံကုန်း, ရန်ကုန်တိုင်းဒေသကြီး, 951, Myanmar","(16.4391422, 96.0103711, 0.0)",16.4391422,96.01037109999999
798,MMR013032701,Cocokyun Town,ကိုကိုးကျွန်း,မြို့,Town,"ကိုကိုးကျွန်း, ရန်ကုန်တိုင်းဒေသကြီး, Myanmar","(14.87043835, 93.6220160465848, 0.0)",14.87043835,93.6220160465848
813,MMR013047701,Hlaingtharya (West) Town,လှိုင်သာယာ(အနောက်ပိုင်း),မြို့,Town,"အနောက်ပိုင်း တက္ကသိုလ်, West University, လှိုင်သာယာ, ထန်းတပင်, Northern District, ရန်ကုန်တိုင်းဒေသကြီး, 11401, Myanmar","(16.94719, 96.0158699, 0.0)",16.94719,96.0158699
814,MMR014001701,Taunggyi Town,တောင်ကြီး,မြို့,Town,"တောင်ကြီး, မြောက်ဦးခရိုင, ရခိုင်ပြည်နယ် (Rakhine), Myanmar","(20.06513, 93.539047, 0.0)",20.06513,93.539047
815,MMR014001702,Ayetharyar Town,အေးသာယာ,မြို့,Town,"အေးသာယာမြို့, Aye Thar Yar, တောင်ကြီးခရိုင, ရှမ်းပြည်နယ်တောင်ပိုင်း, ရှမ်းပြည်နယ် Shan State, 73, Myanmar","(20.7743586, 97.0006748, 0.0)",20.7743586,97.0006748
816,MMR014001703,Kyauktalonegyi Town,ကျောက်တလုံးကြီး,မြို့,Town,"ကျောက်တလုံးကြီး, တောင်ကြီးခရိုင, ရှမ်းပြည်နယ်တောင်ပိုင်း, ရှမ်းပြည်နယ် Shan State, Myanmar","(20.371, 97.024, 0.0)",20.371,97.024
817,MMR014001704,Shwenyaung Town,ရွှေညောင်,မြို့,Town,"ရွှေညောင်, ဝဵင်းတူၼ်ႈတီး, တောင်ကြီးခရိုင, ရှမ်းပြည်နယ်တောင်ပိုင်း, ရှမ်းပြည်နယ် Shan State, Myanmar","(20.7614941, 96.9376843, 0.0)",20.761494100000004,96.9376843
818,MMR014002701,Nyaungshwe Town,ညောင်ရွှေ,မြို့,Town,"ညောင်ရွှေ, တောင်ကြီးခရိုင, ရှမ်းပြည်နယ်တောင်ပိုင်း, ရှမ်းပြည်နယ် Shan State, 06081, Myanmar","(20.3593344, 96.90721525418596, 0.0)",20.359334399999998,96.90721525418594
820,MMR014003701,Hopong Town,ဟိုပုံး,မြို့,Town,"ဟိုပုံး, ပအိုဝ်းကိုယ်ပိုင်အုပ်ချုပ်ခွင့်ရဒေသ, တောင်ကြီးခရိုင, ရှမ်းပြည်နယ်တောင်ပိုင်း, ရှမ်းပြည်နယ် Shan State, Myanmar","(21.00033395, 97.25843348546186, 0.0)",21.00033395,97.25843348546186
821,MMR014004701,Hsihseng Town,ဆီဆိုင်,မြို့,Town,"ဆီဆိုင်, ပအိုဝ်းကိုယ်ပိုင်အုပ်ချုပ်ခွင့်ရဒေသ, တောင်ကြီးခရိုင, ရှမ်းပြည်နယ်တောင်ပိုင်း, ရှမ်းပြည်နယ် Shan State, 140104, Myanmar","(20.242778649999998, 97.3063255218525, 0.0)",20.24277865,97.3063255218525
822,MMR014005701,Kalaw Town,ကလော,မြို့,Town,"ဝဵင်းၵလေႃး, ကလော, တောင်ကြီးခရိုင, ရှမ်းပြည်နယ်တောင်ပိုင်း, ရှမ်းပြည်နယ် Shan State, 9782, Myanmar","(20.6356031, 96.5656373, 0.0)",20.6356031,96.5656373
823,MMR014005702,Aungpan Town,အောင်ပန်း,မြို့,Town,"အောင်ပန်းမြို့, တောင်ကြီးခရိုင, ရှမ်းပြည်နယ်တောင်ပိုင်း, ရှမ်းပြည်နယ် Shan State, Myanmar","(20.6599788, 96.6329522, 0.0)",20.6599788,96.6329522
824,MMR014005703,He Hoe Town,ဟဲဟိုး,မြို့,Town,"ဟဲဟိုး လေဆိပ်, 4, ကလော, တောင်ကြီးခရိုင, ရှမ်းပြည်နယ်တောင်ပိုင်း, ရှမ်းပြည်နယ် Shan State, 081, Myanmar","(20.75263245, 96.79217437426055, 0.0)",20.75263245,96.79217437426055
825,MMR014006701,Pindaya Town,ပင်းတယ,မြို့,Town,"ပင်းတယ, ဓနုကိုယ်ပိုင်အုပ်ချုပ်ခွင့်ရဒေသ, တောင်ကြီးခရိုင, ရှမ်းပြည်နယ်တောင်ပိုင်း, ရှမ်းပြည်နယ် Shan State, Myanmar","(20.94158, 96.662794, 0.0)",20.94158,96.66279399999999
826,MMR014007701,Ywangan Town,ရွာငံ,မြို့,Town,"ရွာငံ, ဓနုကိုယ်ပိုင်အုပ်ချုပ်ခွင့်ရဒေသ, တောင်ကြီးခရိုင, ရှမ်းပြည်နယ်တောင်ပိုင်း, ရှမ်းပြည်နယ် Shan State, Myanmar","(21.162815, 96.442291, 0.0)",21.162815,96.442291
827,MMR014008701,Lawksawk Town,ရပ်စောက်,မြို့,Town,"ရပ်စောက်, တောင်ကြီးခရိုင, ရှမ်းပြည်နယ်တောင်ပိုင်း, ရှမ်းပြည်နယ် Shan State, 06071, Myanmar","(21.63542045, 96.97110028261599, 0.0)",21.63542045,96.971100282616
828,MMR014008702,Intaw Town,အင်တော,မြို့,Town,"အင်တော, ဓနုကိုယ်ပိုင်အုပ်ချုပ်ခွင့်ရဒေသ, တောင်ကြီးခရိုင, ရှမ်းပြည်နယ်တောင်ပိုင်း, ရှမ်းပြည်နယ် Shan State, Myanmar","(21.104549, 96.421852, 0.0)",21.104549,96.421852
829,MMR014009701,Pinlaung Town,ပင်လောင်း,မြို့,Town,"ပင်လောင်း, ပအိုဝ်းကိုယ်ပိုင်အုပ်ချုပ်ခွင့်ရဒေသ, တောင်ကြီးခရိုင, ရှမ်းပြည်နယ်တောင်ပိုင်း, ရှမ်းပြည်နယ် Shan State, 06053, Myanmar","(20.137476, 96.67366002656135, 0.0)",20.137476,96.67366002656135
830,MMR014009702,Naungtayar Town,နောင်တရား,မြို့,Town,"နောင်တရားမြို့, ပအိုဝ်းကိုယ်ပိုင်အုပ်ချုပ်ခွင့်ရဒေသ, တောင်ကြီးခရိုင, ရှမ်းပြည်နယ်တောင်ပိုင်း, ရှမ်းပြည်နယ် Shan State, Myanmar","(20.291801, 96.757105, 0.0)",20.291801,96.75710500000001
832,MMR014010701,Pekon Town,ဖယ်ခုံ,မြို့,Town,"ဖယ်ခုံ, တောင်ကြီးခရိုင, ရှမ်းပြည်နယ်တောင်ပိုင်း, ရှမ်းပြည်နယ် Shan State, Myanmar","(19.6445967, 96.79529321249998, 0.0)",19.6445967,96.79529321249998
833,MMR014011701,Loilen Town,လွိုင်လင်,မြို့,Town,"လွိုင်လင်, လွိုင်လင်ခရိုင်, ရှမ်းပြည်နယ်တောင်ပိုင်း, ရှမ်းပြည်နယ် Shan State, Myanmar","(20.86367475, 97.4635992725022, 0.0)",20.86367475,97.46359927250221
834,MMR014011702,Pinlon Town,ပင်လုံ,မြို့,Town,"ပင်လုံ, မိုးညှင်းခရိုင်, ကချင်ပြည်နယ် (Kachin), Myanmar","(24.558821, 96.191719, 0.0)",24.558821,96.19171899999999
835,MMR014012701,Laihka Town,လဲချား,မြို့,Town,"လဲချား, လွိုင်လင်ခရိုင်, ရှမ်းပြည်နယ်တောင်ပိုင်း, ရှမ်းပြည်နယ် Shan State, Myanmar","(21.29966865, 97.76209612370835, 0.0)",21.29966865,97.76209612370836
836,MMR014013701,Nansang Town,နမ့်စန်,မြို့,Town,"နမ့်စန်, လွိုင်လင်ခရိုင်, ရှမ်းပြည်နယ်တောင်ပိုင်း, ရှမ်းပြည်နယ် Shan State, 06161, Myanmar","(20.83260345, 97.85092585039908, 0.0)",20.83260345,97.85092585039908
837,MMR014013702,Kho Lam Town,ခိုလမ်,မြို့,Town,"ၶူဝ်လမ်, လွိုင်လင်ခရိုင်, ရှမ်းပြည်နယ်တောင်ပိုင်း, ရှမ်းပြည်နယ် Shan State, Myanmar","(21.1005303, 98.109316, 0.0)",21.100530300000003,98.109316
838,MMR014014701,Kunhing Town,ကွန်ဟိန်း,မြို့,Town,"ကွန်ဟိန်း, လွိုင်လင်ခရိုင်, ရှမ်းပြည်နယ်တောင်ပိုင်း, ရှမ်းပြည်နယ် Shan State, 85008, Myanmar","(21.259518, 98.46762123976967, 0.0)",21.259518,98.46762123976968
839,MMR014014702,Kar Li Town,ကာလိ,မြို့,Town,"ၵႃလီႉ, လွိုင်လင်ခရိုင်, ရှမ်းပြည်နယ်တောင်ပိုင်း, ရှမ်းပြည်နယ် Shan State, 85008, Myanmar","(21.2872486, 98.5339259, 0.0)",21.2872486,98.53392590000001
840,MMR014015701,Kyethi Town,ကျေးသီး,မြို့,Town,"ကျေးသီး, လွိုင်လင်ခရိုင်, ရှမ်းပြည်နယ်တောင်ပိုင်း, ရှမ်းပြည်နယ် Shan State, 4980, Myanmar","(21.6770639, 98.05656876304579, 0.0)",21.6770639,98.05656876304579
841,MMR014015702,Mongnawng Town,မိုင်းနောင်,မြို့,Town,"မိူင်းၼွင်, လွိုင်လင်ခရိုင်, ရှမ်းပြည်နယ်တောင်ပိုင်း, ရှမ်းပြည်နယ် Shan State, Myanmar","(21.6454239, 98.1203512, 0.0)",21.645423899999997,98.1203512
842,MMR014016701,Mongkaing Town,မိုင်းကိုင်,မြို့,Town,"မိုင်းကိုင်, လွိုင်လင်ခရိုင်, ရှမ်းပြည်နယ်တောင်ပိုင်း, ရှမ်းပြည်နယ် Shan State, Myanmar","(21.746495850000002, 97.50346058062559, 0.0)",21.74649585,97.50346058062559
843,MMR014017701,Monghsu Town,မိုင်းရှူး,မြို့,Town,"မိုင်းရှူး, လွိုင်လင်ခရိုင်, ရှမ်းပြည်နယ်တောင်ပိုင်း, ရှမ်းပြည်နယ် Shan State, Myanmar","(21.793477250000002, 98.36543972655923, 0.0)",21.79347725,98.36543972655925
844,MMR014017702,Mongsan (Hmonesan) Town,မိုင်းစံ(မုန်းဆန်း),မြို့,Town,"မိူင်းၸၢင်, လွိုင်လင်ခရိုင်, ရှမ်းပြည်နယ်တောင်ပိုင်း, ရှမ်းပြည်နယ် Shan State, Myanmar","(21.660114, 98.366485, 0.0)",21.660114,98.366485
845,MMR014018701,Langkho Town,လင်းခေး,မြို့,Town,"လၢင်းၶိူဝ်း, လင်းခေးခရိုင်, ရှမ်းပြည်နယ်တောင်ပိုင်း, ရှမ်းပြည်နယ် Shan State, Myanmar","(20.3438933, 98.0057791, 0.0)",20.3438933,98.0057791
846,MMR014018702,Homein Town,ဟိုမိန်း,မြို့,Town,"ႁူဝ်မိူင်း, လင်းခေးခရိုင်, ရှမ်းပြည်နယ်တောင်ပိုင်း, ရှမ်းပြည်နယ် Shan State, Myanmar","(19.759361, 97.980414, 0.0)",19.759361,97.980414
847,MMR014019701,Mongnai Town,မိုးနဲ,မြို့,Town,"မိုးနဲ, လင်းခေးခရိုင်, ရှမ်းပြည်နယ်တောင်ပိုင်း, ရှမ်းပြည်နယ် Shan State, Myanmar","(20.6924379, 98.19400001175845, 0.0)",20.692437899999998,98.19400001175845
848,MMR014019702,Kengtawng Town,ကျိုင်းတောင်း,မြို့,Town,"ၵဵင်းတွင်း, လင်းခေးခရိုင်, ရှမ်းပြည်နယ်တောင်ပိုင်း, ရှမ်းပြည်နယ် Shan State, Myanmar","(20.7636453, 98.3328549, 0.0)",20.7636453,98.33285490000002
849,MMR014020701,Mawkmai Town,မောက်မယ်,မြို့,Town,"မောက်မယ်, လင်းခေးခရိုင်, ရှမ်းပြည်နယ်တောင်ပိုင်း, ရှမ်းပြည်နယ် Shan State, Myanmar","(20.09605965, 97.57281943839239, 0.0)",20.09605965,97.57281943839241
850,MMR014021701,Mongpan Town,မိုင်းပန်,မြို့,Town,"မိူင်းပၼ်ႇ, လင်းခေးခရိုင်, ရှမ်းပြည်နယ်တောင်ပိုင်း, ရှမ်းပြည်နယ် Shan State, Myanmar","(20.3186811, 98.361903, 0.0)",20.318681100000003,98.361903
851,MMR015001701,Lashio Town,လားရှိုး,မြို့,Town,"လႃႈသဵဝ်ႈ, လားရှိုးခရိုင်, ရှမ်းပြည်နယ်မြောက်ပိုင်း, ရှမ်းပြည်နယ် Shan State, 06301, Myanmar","(22.933333, 97.75, 0.0)",22.933332999999998,97.75
852,MMR015002701,Hseni Town,သိန္နီ,မြို့,Town,"သိန္နီ, လားရှိုးခရိုင်, ရှမ်းပြည်နယ်မြောက်ပိုင်း, ရှမ်းပြည်နယ် Shan State, Myanmar","(23.2589046, 98.13604604991531, 0.0)",23.2589046,98.13604604991531
853,MMR015003701,Mongyai Town,မိုင်းရယ်,မြို့,Town,"မိုင်းရယ်, လားရှိုးခရိုင်, ရှမ်းပြည်နယ်မြောက်ပိုင်း, ရှမ်းပြည်နယ် Shan State, Myanmar","(22.4465142, 97.99785532837917, 0.0)",22.4465142,97.99785532837916
854,MMR015004701,Tangyan Town,တန့်ယန်း,မြို့,Town,"တန့်ယန်း, လားရှိုးခရိုင်, ရှမ်းပြည်နယ်မြောက်ပိုင်း, ရှမ်းပြည်နယ် Shan State, Myanmar","(22.41219605, 98.42439569329905, 0.0)",22.41219605,98.42439569329905
856,MMR015005702,Man Kan Town,မန်ကန်,မြို့,Town,"မန်ကန်, ဝကိုယ်ပိုင်အုပ်ချုပ်ခွင့်ရတိုင်း, မက်မန်းခရိုင် Matman, ရှမ်းပြည်နယ်မြောက်ပိုင်း, ရှမ်းပြည်နယ် Shan State, Wa State Northern Region, Myanmar","(22.68954, 98.595193, 0.0)",22.68954,98.59519300000001
857,MMR015009701,Muse Town,မူဆယ်,မြို့,Town,"မူဆယ်, မူဆယ်ခရိုင်, ရှမ်းပြည်နယ်မြောက်ပိုင်း, ရှမ်းပြည်နယ် Shan State, Myanmar","(23.900994400000002, 98.10844187851924, 0.0)",23.9009944,98.10844187851923
858,MMR015009702,Monekoe Town,မုန်းကိုး,မြို့,Town,"မိူင်းၵူဝ်း, မူဆယ်ခရိုင်, ရှမ်းပြည်နယ်မြောက်ပိုင်း, ရှမ်းပြည်နယ် Shan State, Myanmar","(24.1012181, 98.3083826, 0.0)",24.1012181,98.30838259999999
861,MMR015010701,Namhkan Town,နမ့်ခမ်း,မြို့,Town,"နမ့်ခမ်း, မူဆယ်ခရိုင်, ရှမ်းပြည်နယ်မြောက်ပိုင်း, ရှမ်းပြည်နယ် Shan State, Myanmar","(23.715186250000002, 97.5661385568209, 0.0)",23.71518625,97.5661385568209
862,MMR015011701,Kutkai Town,ကွတ်ခိုင်,မြို့,Town,"ကွတ်ခိုင်, မူဆယ်ခရိုင်, ရှမ်းပြည်နယ်မြောက်ပိုင်း, ရှမ်းပြည်နယ် Shan State, Myanmar","(23.64213505, 98.14793004051415, 0.0)",23.64213505,98.14793004051417
863,MMR015011702,Tarmoenye Town,တာမိုးညဲ,မြို့,Town,"တာမိုးညဲ, မူဆယ်ခရိုင်, ရှမ်းပြည်နယ်မြောက်ပိုင်း, ရှမ်းပြည်နယ် Shan State, Myanmar","(23.5765696, 98.0953671, 0.0)",23.576569600000003,98.0953671
864,MMR015012701,Kyaukme Town,ကျောက်မဲ,မြို့,Town,"ကျောက်မဲ, ကျောက်မဲခရိုင်, ရှမ်းပြည်နယ်မြောက်ပိုင်း, ရှမ်းပြည်နယ် Shan State, Myanmar","(22.59965065, 96.80459511035602, 0.0)",22.59965065,96.804595110356
865,MMR015012702,Mongngawt Town,မိုင်းငေါ့,မြို့,Town,"မိူင်းငေႃႉ, ကျောက်မဲခရိုင်, ရှမ်းပြည်နယ်မြောက်ပိုင်း, ရှမ်းပြည်နယ် Shan State, Myanmar","(22.77315, 96.98238, 0.0)",22.77315,96.98238
866,MMR015012703,Monglon Town,မိုင်းလုံ,မြို့,Town,"မိူင်းလူင်, ကျောက်မဲခရိုင်, ရှမ်းပြည်နယ်မြောက်ပိုင်း, ရှမ်းပြည်နယ် Shan State, Myanmar","(22.79395, 96.62272, 0.0)",22.79395,96.62272
867,MMR015013701,Nawnghkio Town,နောင်ချို,မြို့,Town,"နောင်ချို, ကျောက်မဲခရိုင်, ရှမ်းပြည်နယ်မြောက်ပိုင်း, ရှမ်းပြည်နယ် Shan State, Myanmar","(22.3689555, 96.60958390455181, 0.0)",22.3689555,96.6095839045518
868,MMR015014701,Hsipaw Town,သီပေါ,မြို့,Town,"သီပေါ, ကျောက်မဲခရိုင်, ရှမ်းပြည်နယ်မြောက်ပိုင်း, ရှမ်းပြည်နယ် Shan State, Myanmar","(22.40190975, 97.55452358098077, 0.0)",22.40190975,97.55452358098076
869,MMR015015701,Namtu Town,နမ္မတူ,မြို့,Town,"နမ္မတူ, ကျောက်မဲခရိုင်, ရှမ်းပြည်နယ်မြောက်ပိုင်း, ရှမ်းပြည်နယ် Shan State, Myanmar","(23.006810299999998, 97.47445131937138, 0.0)",23.0068103,97.47445131937138
870,MMR015016701,Namhsan Town,နမ့်ဆန်,မြို့,Town,"နမ့်ဆန်, ပလောင်ကိုယ်ပိုင်အုပ်ချုပ်ခွင့်ရဒေသ, ကျောက်မဲခရိုင်, ရှမ်းပြည်နယ်မြောက်ပိုင်း, ရှမ်းပြည်နယ် Shan State, Myanmar","(22.94588725, 97.20705503604887, 0.0)",22.94588725,97.20705503604887
871,MMR015017701,Mongmit Town,မိုးမိတ်,မြို့,Town,"မိုးမိတ်, မိုးမိတ်ခရိုင်, ရှမ်းပြည်နယ်မြောက်ပိုင်း, ရှမ်းပြည်နယ် Shan State, Myanmar","(23.162595, 96.540304175, 0.0)",23.162595,96.540304175
872,MMR015018701,Mabein Town,မဘိမ်း,မြို့,Town,"မဘိမ်း, မိုးမိတ်ခရိုင်, ရှမ်းပြည်နယ်မြောက်ပိုင်း, ရှမ်းပြည်နယ် Shan State, Myanmar","(23.70130125, 96.72718603132449, 0.0)",23.70130125,96.72718603132448
873,MMR015019701,Manton Town,မန်တုံ,မြို့,Town,"မန်တုံ, ပလောင်ကိုယ်ပိုင်အုပ်ချုပ်ခွင့်ရဒေသ, ကျောက်မဲခရိုင်, ရှမ်းပြည်နယ်မြောက်ပိုင်း, ရှမ်းပြည်နယ် Shan State, Myanmar","(23.394021549999998, 97.34434555713452, 0.0)",23.39402155,97.34434555713452
874,MMR015020701,Kunlong Town,ကွမ်းလုံ,မြို့,Town,"ၵုၼ်လူင်, ကွမ်းလုံခရိုင်, ရှမ်းပြည်နယ်မြောက်ပိုင်း, ရှမ်းပြည်နယ် Shan State, Myanmar","(23.41799, 98.655021, 0.0)",23.41799,98.65502099999999
875,MMR015021701,Hopang Town,ဟိုပန်,မြို့,Town,"ဟိုပန်, ဝကိုယ်ပိုင်အုပ်ချုပ်ခွင့်ရတိုင်း, ဟိုပန်ခရိုင်, ရှမ်းပြည်နယ်မြောက်ပိုင်း, ရှမ်းပြည်နယ် Shan State, Wa State Northern Region, 150402, Myanmar","(23.2210209, 98.78172603586486, 0.0)",23.221020899999996,98.78172603586486
876,MMR015021702,Namtit Town,နမ့်တစ်,မြို့,Town,"နမ့်တစ်, ဝကိုယ်ပိုင်အုပ်ချုပ်ခွင့်ရတိုင်း, ဟိုပန်ခရိုင်, ရှမ်းပြည်နယ်မြောက်ပိုင်း, ရှမ်းပြည်နယ် Shan State, Wa State Northern Region, Myanmar","(23.4743324, 98.869266, 0.0)",23.474332399999998,98.86926600000001
877,MMR015021703,Pan Lon Town,ပန်လုံ,မြို့,Town,"ပန်လုံ, ဝကိုယ်ပိုင်အုပ်ချုပ်ခွင့်ရတိုင်း, ဟိုပန်ခရိုင်, ရှမ်းပြည်နယ်မြောက်ပိုင်း, ရှမ်းပြည်နယ် Shan State, Wa State Northern Region, Myanmar","(23.256638, 98.78697, 0.0)",23.256638,98.78697
878,MMR015022701,Laukkaing Town,လောက်ကိုင်,မြို့,Town,"လောက်ကိုင်, 果敢自治区(ကိုးကန့်), 老街县(လောက်ကိုင်ခရိုင်), ရှမ်းပြည်နယ်မြောက်ပိုင်း, ရှမ်းပြည်နယ် Shan State, Myanmar","(23.6476085, 98.7338866404925, 0.0)",23.6476085,98.7338866404925
879,MMR015022702,Chinshwehaw Town,ချင်းရွှေဟော်,မြို့,Town,"ချင်းရွှေဟော်မြို့, 果敢自治区(ကိုးကန့်), 老街县(လောက်ကိုင်ခရိုင်), ရှမ်းပြည်နယ်မြောက်ပိုင်း, ရှမ်းပြည်နယ် Shan State, Myanmar","(23.4771282, 98.8252284, 0.0)",23.4771282,98.82522840000001
880,MMR015023701,Konkyan Town,ကုန်းကြမ်း,မြို့,Town,"ကုန်းကြမ်း, 果敢自治区(ကိုးကန့်), 老街县(လောက်ကိုင်ခရိုင်), ရှမ်းပြည်နယ်မြောက်ပိုင်း, ရှမ်းပြည်နယ် Shan State, Myanmar","(23.8324005, 98.5362597, 0.0)",23.832400500000002,98.5362597
881,MMR015023702,Maw Hteik Town,​မော်ထိုက်,မြို့,Town,"မော်ထိုက်, 果敢自治区(ကိုးကန့်), 老街县(လောက်ကိုင်ခရိုင်), ရှမ်းပြည်နယ်မြောက်ပိုင်း, ရှမ်းပြည်နယ် Shan State, Myanmar","(24.096922, 98.860976, 0.0)",24.096922,98.86097600000001
882,MMR015024701,Matman Town,မက်မန်း,မြို့,Town,"မက်မန်း, ဝကိုယ်ပိုင်အုပ်ချုပ်ခွင့်ရတိုင်း, မက်မန်းခရိုင် Matman, ရှမ်းပြည်နယ်မြောက်ပိုင်း, ရှမ်းပြည်နယ် Shan State, Myanmar","(21.870731, 98.79429983924973, 0.0)",21.870731,98.79429983924973
883,MMR016001701,Kengtung Town,ကျိုင်းတုံ,မြို့,Town,"ၵဵင်းတုင်, ကျိုင်းတုံခရိုင်, ရှမ်းပြည်နယ် အရှေ့ပိုင်း, ရှမ်းပြည်နယ် Shan State, Myanmar","(21.2918037, 99.6028652, 0.0)",21.2918037,99.6028652
884,MMR016002701,Mongkhet Town,မိုင်းခတ်,မြို့,Town,"မိုင်းခတ်, ကျိုင်းတုံခရိုင်, ရှမ်းပြည်နယ် အရှေ့ပိုင်း, ရှမ်းပြည်နယ် Shan State, Wa State Northern Region, Myanmar","(21.69292385, 99.31751733618913, 0.0)",21.69292385,99.31751733618911
885,MMR016003701,Mongyang Town,မိုင်းယန်း,မြို့,Town,"မိုင်းယန်း, ကျိုင်းတုံခရိုင်, ရှမ်းပြည်နယ် အရှေ့ပိုင်း, ရှမ်းပြည်နယ် Shan State, Wa State Northern Region, Myanmar","(21.9329082, 99.52370706860776, 0.0)",21.9329082,99.52370706860776
886,MMR016003702,Mongpauk Town,မိုင်းပေါက်,မြို့,Town,"မိုင်းပေါက်, ကျိုင်းတုံခရိုင်, ရှမ်းပြည်နယ် အရှေ့ပိုင်း, ရှမ်းပြည်နယ် Shan State, Wa State Northern Region, Myanmar","(22.0082, 99.3101, 0.0)",22.0082,99.3101
887,MMR016005701,Mongla Town,မိုင်းလား,မြို့,Town,"မိုင်းလား, ကျိုင်းတုံခရိုင်, ရှမ်းပြည်နယ် အရှေ့ပိုင်း, ရှမ်းပြည်နယ် Shan State, Myanmar","(21.5469198, 99.92956480146822, 0.0)",21.5469198,99.92956480146822
888,MMR016006701,Monghsat Town,မိုင်းဆတ်,မြို့,Town,"မိုင်းဆတ်မြို့, မိုင်းဆတ်ခရိုင်, ရှမ်းပြည်နယ် အရှေ့ပိုင်း, ရှမ်းပြည်နယ် Shan State, Myanmar","(20.535314, 99.256089, 0.0)",20.535314,99.256089
889,MMR016006702,Mongkhoke Town,မိုင်းခုတ်,မြို့,Town,"မိူင်းၵူၵ်း, မိုင်းဆတ်ခရိုင်, ရှမ်းပြည်နယ် အရှေ့ပိုင်း, ရှမ်းပြည်နယ် Shan State, Wa State Southern region, Myanmar","(20.7400271, 99.4624551, 0.0)",20.740027100000002,99.4624551
891,MMR016007702,Tontar Town,တုံတာ,မြို့,Town,"တူင်ႈတႃႈ, ကျိုင်းတုံခရိုင်, ရှမ်းပြည်နယ် အရှေ့ပိုင်း, ရှမ်းပြည်နယ် Shan State, Myanmar","(21.330961, 99.2883431, 0.0)",21.330961,99.28834309999999
892,MMR016008701,Mongton Town,မိုင်းတုံ,မြို့,Town,"မိူင်းတူၼ်, မိုင်းဆတ်ခရိုင်, ရှမ်းပြည်နယ် အရှေ့ပိုင်း, ရှမ်းပြည်နယ် Shan State, Myanmar","(20.296131, 98.897198, 0.0)",20.296131,98.897198
893,MMR016008702,Ponparkyin Town,ပုံပါကျင်,မြို့,Town,"ပုင်ႇပႃႇၶႅမ်, မိုင်းဆတ်ခရိုင်, ရှမ်းပြည်နယ် အရှေ့ပိုင်း, ရှမ်းပြည်နယ် Shan State, Wa State Southern region, Myanmar","(19.8876118, 98.9399958, 0.0)",19.887611800000002,98.9399958
894,MMR016008703,Hmone Hta Town,မုံးထ,မြို့,Town,"မိူင်းထႃႉ, မိုင်းဆတ်ခရိုင်, ရှမ်းပြည်နယ် အရှေ့ပိုင်း, ရှမ်းပြည်နယ် Shan State, Wa State Southern region, Myanmar","(19.853921, 98.558408, 0.0)",19.853921,98.558408
895,MMR016009701,Tachileik Town,တာချီလိတ်,မြို့,Town,"တႃႈၶီႈလဵၵ်း, တာချီလိတ်ခရိုင်, ရှမ်းပြည်နယ် အရှေ့ပိုင်း, ရှမ်းပြည်နယ် Shan State, 57120, Myanmar","(20.4490789, 99.8842143, 0.0)",20.4490789,99.8842143
896,MMR016009702,Kenglat Town,ကျိုင်းလပ်,မြို့,Town,"ကျိုင်းလပ်မြို့, တာချီလိတ်ခရိုင်, ရှမ်းပြည်နယ် အရှေ့ပိုင်း, ရှမ်းပြည်နယ် Shan State, Myanmar","(20.8681043, 100.5342495, 0.0)",20.8681043,100.5342495
897,MMR016009703,Tarlay Town,တာလေ,မြို့,Town,"တာလေ, တာချီလိတ်ခရိုင်, ရှမ်းပြည်နယ် အရှေ့ပိုင်း, ရှမ်းပြည်နယ် Shan State, Myanmar","(20.7123532, 100.093864, 0.0)",20.7123532,100.093864
898,MMR016010701,Monghpyak Town,မိုင်းဖြတ်,မြို့,Town,"မိူင်းၽျၢၵ်ႈ, မိုင်းဖြတ်ခရိုင်, ရှမ်းပြည်နယ် အရှေ့ပိုင်း, ရှမ်းပြည်နယ် Shan State, Myanmar","(20.8784297, 99.9255692, 0.0)",20.878429699999998,99.9255692
899,MMR016011701,Mongyawng Town,မိုင်းယောင်း,မြို့,Town,"မိုင်းယောင်း, မိုင်းဖြတ်ခရိုင်, ရှမ်းပြည်နယ် အရှေ့ပိုင်း, ရှမ်းပြည်နယ် Shan State, Myanmar","(21.3708325, 100.56314494374516, 0.0)",21.370832500000002,100.56314494374516
900,MMR016011702,Mongyu Town,မိုင်းယု,မြို့,Town,"မိုင်းယုမြို့, မိုင်းဖြတ်ခရိုင်, ရှမ်းပြည်နယ် အရှေ့ပိုင်း, ရှမ်းပြည်နယ် Shan State, Myanmar","(21.3297589, 100.5515057, 0.0)",21.329758899999998,100.5515057
901,MMR017001701,Pathein Town,ပုသိမ်,မြို့,Town,"ပုသိမ်, Pathein, ဧရာဝတီတိုင်းဒေသကြီး, Myanmar","(16.9079855, 94.55199096551516, 0.0)",16.907985500000002,94.55199096551516
904,MMR017001704,Chaung Thar Town,ချောင်းသာ,မြို့,Town,"ချောင်းသာ, သံတွဲခရိုင, ရခိုင်ပြည်နယ် (Rakhine), Myanmar","(17.845791, 94.497238, 0.0)",17.845791000000002,94.497238
905,MMR017002701,Kangyidaunt Town,ကန်ကြီးထောင့်,မြို့,Town,"ကန်ကြီးထောင့်, Pathein, ဧရာဝတီတိုင်းဒေသကြီး, Myanmar","(16.790438100000003, 94.88734781287103, 0.0)",16.790438100000006,94.88734781287106
906,MMR017003701,Thabaung Town,သာပေါင်း,မြို့,Town,"သာပေါင်း, Pathein, ဧရာဝတီတိုင်းဒေသကြီး, Myanmar","(17.1807133, 94.75553704448188, 0.0)",17.1807133,94.75553704448187
907,MMR017004701,Ngapudaw Town,ငပုတော,မြို့,Town,"ငပုတော, Pathein, ဧရာဝတီတိုင်းဒေသကြီး, Myanmar","(16.342192, 94.42019414125038, 0.0)",16.342192,94.42019414125038
910,MMR017005701,Kyonpyaw Town,ကျုံပျော်,မြို့,Town,"ကျုံပျော်, Pathein, ဧရာဝတီတိုင်းဒေသကြီး, Myanmar","(17.3195013, 95.28611130762877, 0.0)",17.3195013,95.28611130762876
911,MMR017005702,Ahtaung Town,အထောင်,မြို့,Town,"အ.ထ.က အထောင်, Bogyoke Road, ကျုံပျော်, Maubin, ဧရာဝတီတိုင်းဒေသကြီး, Myanmar","(17.34623235, 95.33470928143865, 0.0)",17.34623235,95.33470928143863
912,MMR017006701,Yegyi Town,ရေကြည်,မြို့,Town,"ရေကြည်, Pathein, ဧရာဝတီတိုင်းဒေသကြီး, Myanmar","(17.3501109, 94.95631959426856, 0.0)",17.3501109,94.95631959426856
913,MMR017006702,Ngathaingchaung Town,ငသိုင်းချောင်း,မြို့,Town,"Ngathaing Chaung (ငသိုင်းချောင်း, Pathein, ဧရာဝတီတိုင်းဒေသကြီး, Myanmar","(17.3936665, 95.0691503, 0.0)",17.393666500000002,95.0691503
915,MMR017007701,Kyaunggon Town,ကျောင်းကုန်း,မြို့,Town,"ကျောင်းကုန်း, Pathein, ဧရာဝတီတိုင်းဒေသကြီး, Myanmar","(17.05761315, 95.18773645858303, 0.0)",17.05761315,95.18773645858305
916,MMR017008701,Hinthada Town,ဟင်္သာတ,မြို့,Town,"ဟင်္သာတ, Hinthada, ဧရာဝတီတိုင်းဒေသကြီး, Myanmar","(17.620633249999997, 95.39117494347299, 0.0)",17.620633249999994,95.39117494347299
919,MMR017009701,Zalun Town,ဇလွန်,မြို့,Town,"ဇလွန်, Hinthada, ဧရာဝတီတိုင်းဒေသကြီး, Myanmar","(17.480958, 95.61822523083407, 0.0)",17.480957999999998,95.61822523083408
920,MMR017010701,Lemyethna Town,လေးမျက်နှာ,မြို့,Town,"လေးမျက်နှာ, Hinthada, ဧရာဝတီတိုင်းဒေသကြီး, Myanmar","(17.60274745, 95.0002042437998, 0.0)",17.60274745,95.0002042437998
921,MMR017011701,Myanaung Town,မြန်အောင်,မြို့,Town,"မြန်အောင်, Hinthada, ဧရာဝတီတိုင်းဒေသကြီး, Myanmar","(18.1085255, 95.14321809927287, 0.0)",18.1085255,95.14321809927289
922,MMR017011702,Kanaung Town,ကနောင်,မြို့,Town,"ကနောင်, မင်းတပ်ခရိုင်, ချင်းပြည်နယ်‌, Myanmar","(21.336691, 93.16642, 0.0)",21.336691000000002,93.16642
923,MMR017011703,In Pin Town,အင်ပင်,မြို့,Town,"In Pin အင်ပင်, ပခုက္ကူခရိုင်, မကွေးတိုင်းဒေသကြီး, Myanmar","(21.412454750000002, 95.04429544120434, 0.0)",21.41245475,95.04429544120434
924,MMR017012701,Kyangin Town,ကြံခင်း,မြို့,Town,"ကြံခင်း, Hinthada, ဧရာဝတီတိုင်းဒေသကြီး, Myanmar","(18.31680815, 95.05779173258261, 0.0)",18.31680815,95.05779173258259
926,MMR017013701,Ingapu Town,အင်္ဂပူ,မြို့,Town,"အင်္ဂပူ, Hinthada, ဧရာဝတီတိုင်းဒေသကြီး, Myanmar","(17.84032085, 95.18103278203236, 0.0)",17.84032085,95.18103278203236
927,MMR017013702,Htoogyi Town,ထူးကြီး,မြို့,Town,"ထူးကြီး (Htugyi), အင်္ဂပူ, Hinthada, ဧရာဝတီတိုင်းဒေသကြီး, Myanmar","(17.9725955, 95.2564036, 0.0)",17.972595499999997,95.2564036
928,MMR017013703,Me Za Li Kone Town,မဲဇလီကုန်း,မြို့,Town,"မဲဇလီကုန်း, စစ်တွေခရိုင, ရခိုင်ပြည်နယ် (Rakhine), Myanmar","(20.230169, 92.818008, 0.0)",20.230169,92.81800799999999
929,MMR017014701,Myaungmya Town,မြောင်းမြ,မြို့,Town,"မြောင်းမြ, Myaungmya, ဧရာဝတီတိုင်းဒေသကြီး, Myanmar","(16.53129735, 94.9138158856463, 0.0)",16.53129735,94.9138158856463
930,MMR017015701,Einme Town,အိမ်မဲ,မြို့,Town,"အိမ်မဲ, Myaungmya, ဧရာဝတီတိုင်းဒေသကြီး, Myanmar","(16.7645637, 95.08117526827087, 0.0)",16.7645637,95.08117526827087
931,MMR017016701,Labutta Town,လပွတ္တာ,မြို့,Town,"လပွတ္တာ, Labutta, ဧရာဝတီတိုင်းဒေသကြီး, Myanmar","(15.96214255, 94.94954345009798, 0.0)",15.96214255,94.94954345009798
932,MMR017016702,Pyinsalu Town,ပြင်စလူ,မြို့,Town,"Pyinsalu (ပြင်စလူ), Labutta, ဧရာဝတီတိုင်းဒေသကြီး, Myanmar","(15.8268678, 94.8083606, 0.0)",15.826867800000002,94.80836059999999
934,MMR017017701,Wakema Town,ဝါးခယ်မ,မြို့,Town,"ဝါးခယ်မ, Myaungmya, ဧရာဝတီတိုင်းဒေသကြီး, Myanmar","(16.55167495, 95.22511672911895, 0.0)",16.55167495,95.22511672911895
936,MMR017018701,Mawlamyinegyun Town,မော်လမြိုင်ကျွန်း,မြို့,Town,"မော်လမြိုင်ကျွန်း, Labutta, ဧရာဝတီတိုင်းဒေသကြီး, Myanmar","(16.3527339, 95.25289907403995, 0.0)",16.3527339,95.25289907403996
937,MMR017019701,Maubin Town,မအူပင်,မြို့,Town,"မအူပင်, Maubin, ဧရာဝတီတိုင်းဒေသကြီး, 10181, Myanmar","(16.7061423, 95.6326346472973, 0.0)",16.7061423,95.63263464729731
938,MMR017020701,Pantanaw Town,ပန်းတနော်,မြို့,Town,"ပန်းတနော်, Maubin, ဧရာဝတီတိုင်းဒေသကြီး, 10171, Myanmar","(16.98973975, 95.37284789032651, 0.0)",16.98973975,95.37284789032653
939,MMR017021701,Nyaungdon Town,ညောင်တုန်း,မြို့,Town,"ညောင်တုန်း, Maubin, ဧရာဝတီတိုင်းဒေသကြီး, Myanmar","(17.0326858, 95.68513430684948, 0.0)",17.0326858,95.68513430684948
940,MMR017022701,Danubyu Town,ဓနုဖြူ,မြို့,Town,"ဓနုဖြူ, Maubin, ဧရာဝတီတိုင်းဒေသကြီး, Myanmar","(17.242142049999998, 95.55412064155878, 0.0)",17.242142049999998,95.55412064155878
941,MMR017023701,Pyapon Town,ဖျာပုံ,မြို့,Town,"ဖျာပုံ, Pyapon, ဧရာဝတီတိုင်းဒေသကြီး, Myanmar","(16.06170115, 95.64946899727501, 0.0)",16.06170115,95.64946899727501
943,MMR017024701,Bogale Town,ဘိုကလေး,မြို့,Town,"ဘိုကလေး, Pyapon, ဧရာဝတီတိုင်းဒေသကြီး, Myanmar","(16.128179600000003, 95.45073234148815, 0.0)",16.128179600000006,95.45073234148815
944,MMR017025701,Kyaiklat Town,ကျိုက်လတ်,မြို့,Town,"ကျိုက်လတ်, Pyapon, ဧရာဝတီတိုင်းဒေသကြီး, Myanmar","(16.506579, 95.65118257807637, 0.0)",16.506579000000002,95.65118257807636
945,MMR017026701,Dedaye Town,ဒေးဒရဲ,မြို့,Town,"ဒေးဒရဲ, Pyapon, ဧရာဝတီတိုင်းဒေသကြီး, 10261, Myanmar","(16.3048976, 95.79808923579134, 0.0)",16.3048976,95.79808923579134
946,MMR018000777,Nay Pyi Taw Town,နေပြည်တော်,မြို့,Town,"နေပြည်တော်, ဒက္ခိဏခရိုင်, နေပြည်တော် ပြည်ထောင်စုနယ်မြ, 15011, Myanmar","(19.7540045, 96.1344976, 0.0)",19.7540045,96.13449759999999
947,MMR018001701,Zay Yar Thi Ri Town,ဇေယျာသီရိ,မြို့,Town,"ဇေယျာသီရိ, ဥတ္တရခရိုင်, နေပြည်တော် ပြည်ထောင်စုနယ်မြ, 15013, Myanmar","(19.862, 96.309, 0.0)",19.862000000000002,96.309
948,MMR018002701,Za Bu Thi Ri Town,ဇမ္ဗူသီရိ,မြို့,Town,"ဇမ္ဗူသီရိ, ဒက္ခိဏခရိုင်, နေပြည်တော် ပြည်ထောင်စုနယ်မြ, 15011, Myanmar","(19.764, 96.061, 0.0)",19.764,96.061
949,MMR018003701,Tatkon Town,တပ်ကုန်း,မြို့,Town,"တပ်ကုန်း, ဓနုကိုယ်ပိုင်အုပ်ချုပ်ခွင့်ရဒေသ, တောင်ကြီးခရိုင, ရှမ်းပြည်နယ်တောင်ပိုင်း, ရှမ်းပြည်နယ် Shan State, Myanmar","(21.09828, 96.509819, 0.0)",21.09828,96.509819
950,MMR018004701,Det Khi Na Thi Ri Town,ဒက္ခိဏသီရိ,မြို့,Town,"ဒက္ခိဏသီရိ, ဒက္ခိဏခရိုင်, နေပြည်တော် ပြည်ထောင်စုနယ်မြ, Myanmar","(19.719, 96.067, 0.0)",19.719,96.06700000000001
951,MMR018005701,Poke Ba Thi RiTown,ပုဗ္ဗသီရိ,မြို့,Town,"ပုဗ္ဗသီရိ, ဥတ္တရခရိုင်, နေပြည်တော် ပြည်ထောင်စုနယ်မြ, Myanmar","(19.806, 96.183, 0.0)",19.805999999999997,96.18299999999999
952,MMR018006701,Pyinmana Town,ပျဉ်းမနား,မြို့,Town,"ပျဉ်းမနား, ဒက္ခိဏခရိုင်, နေပြည်တော် ပြည်ထောင်စုနယ်မြ, 100604, Myanmar","(19.738964, 96.2088371, 0.0)",19.738964000000003,96.2088371
953,MMR018007701,Lewe Town,လယ်ဝေး,မြို့,Town,"လယ်ဝေး, ဒက္ခိဏခရိုင်, နေပြည်တော် ပြည်ထောင်စုနယ်မြ, 095, Myanmar","(19.63467, 96.110069, 0.0)",19.63467,96.110069
954,MMR018008701,Oke Ta Ra Thi Ri Town,ဥတ္တရသီရိ,မြို့,Town,"ဥတ္တရသီရိ, ဥတ္တရခရိုင်, နေပြည်တော် ပြည်ထောင်စုနယ်မြ, Myanmar","(19.891, 96.043, 0.0)",19.891,96.04299999999999
